# fronte cava sintetico per test Replica (skyline 8-16m, rilievo)
o fronte_reale
v 0.000 0.000 0.482
v 0.000 0.377 0.706
v 0.000 0.754 0.916
v 0.000 1.131 1.102
v 0.000 1.508 1.252
v 0.000 1.885 1.359
v 0.000 2.262 1.421
v 0.000 2.639 1.437
v 0.000 3.016 1.411
v 0.000 3.393 1.351
v 0.000 3.770 1.266
v 0.000 4.147 1.168
v 0.000 4.524 1.068
v 0.000 4.901 0.980
v 0.000 5.278 0.911
v 0.000 5.655 0.871
v 0.000 6.032 0.864
v 0.000 6.409 0.890
v 0.000 6.787 0.948
v 0.000 7.164 1.031
v 0.000 7.541 1.132
v 0.000 7.918 1.239
v 0.000 8.295 1.342
v 0.000 8.672 1.430
v 0.000 9.049 1.493
v 0.000 9.426 1.524
v 0.000 9.803 1.517
v 0.000 10.180 1.472
v 0.000 10.557 1.391
v 0.000 10.934 1.279
v 0.000 11.311 1.146
v 0.000 11.688 1.002
v 0.000 12.065 0.860
v 0.000 12.442 0.731
v 0.000 12.819 0.626
v 0.700 0.000 0.968
v 0.700 0.391 1.165
v 0.700 0.782 1.340
v 0.700 1.173 1.482
v 0.700 1.564 1.580
v 0.700 1.955 1.628
v 0.700 2.346 1.624
v 0.700 2.737 1.571
v 0.700 3.128 1.475
v 0.700 3.519 1.346
v 0.700 3.910 1.197
v 0.700 4.301 1.043
v 0.700 4.692 0.898
v 0.700 5.083 0.775
v 0.700 5.474 0.685
v 0.700 5.865 0.636
v 0.700 6.256 0.631
v 0.700 6.647 0.669
v 0.700 7.038 0.745
v 0.700 7.429 0.850
v 0.700 7.820 0.973
v 0.700 8.211 1.102
v 0.700 8.602 1.223
v 0.700 8.993 1.323
v 0.700 9.384 1.394
v 0.700 9.775 1.428
v 0.700 10.166 1.422
v 0.700 10.557 1.378
v 0.700 10.948 1.301
v 0.700 11.339 1.199
v 0.700 11.730 1.083
v 0.700 12.121 0.966
v 0.700 12.512 0.860
v 0.700 12.903 0.776
v 0.700 13.294 0.724
v 1.400 0.000 0.907
v 1.400 0.403 1.052
v 1.400 0.806 1.176
v 1.400 1.209 1.268
v 1.400 1.611 1.317
v 1.400 2.014 1.318
v 1.400 2.417 1.272
v 1.400 2.820 1.181
v 1.400 3.223 1.055
v 1.400 3.626 0.906
v 1.400 4.029 0.748
v 1.400 4.432 0.596
v 1.400 4.834 0.467
v 1.400 5.237 0.373
v 1.400 5.640 0.324
v 1.400 6.043 0.325
v 1.400 6.446 0.377
v 1.400 6.849 0.475
v 1.400 7.252 0.611
v 1.400 7.655 0.772
v 1.400 8.057 0.943
v 1.400 8.460 1.109
v 1.400 8.863 1.254
v 1.400 9.266 1.366
v 1.400 9.669 1.435
v 1.400 10.072 1.455
v 1.400 10.475 1.426
v 1.400 10.878 1.353
v 1.400 11.280 1.243
v 1.400 11.683 1.109
v 1.400 12.086 0.963
v 1.400 12.489 0.820
v 1.400 12.892 0.693
v 1.400 13.295 0.593
v 1.400 13.698 0.527
v 2.100 0.000 0.447
v 2.100 0.412 0.581
v 2.100 0.825 0.702
v 2.100 1.237 0.797
v 2.100 1.650 0.854
v 2.100 2.062 0.869
v 2.100 2.475 0.841
v 2.100 2.887 0.773
v 2.100 3.300 0.675
v 2.100 3.712 0.558
v 2.100 4.125 0.438
v 2.100 4.537 0.329
v 2.100 4.949 0.247
v 2.100 5.362 0.202
v 2.100 5.774 0.203
v 2.100 6.187 0.252
v 2.100 6.599 0.348
v 2.100 7.012 0.482
v 2.100 7.424 0.642
v 2.100 7.837 0.814
v 2.100 8.249 0.981
v 2.100 8.662 1.126
v 2.100 9.074 1.233
v 2.100 9.486 1.291
v 2.100 9.899 1.292
v 2.100 10.311 1.235
v 2.100 10.724 1.124
v 2.100 11.136 0.965
v 2.100 11.549 0.773
v 2.100 11.961 0.563
v 2.100 12.374 0.351
v 2.100 12.786 0.154
v 2.100 13.199 -0.016
v 2.100 13.611 -0.146
v 2.100 14.023 -0.233
v 2.800 0.000 0.107
v 2.800 0.420 0.282
v 2.800 0.839 0.446
v 2.800 1.259 0.584
v 2.800 1.679 0.683
v 2.800 2.098 0.737
v 2.800 2.518 0.743
v 2.800 2.938 0.704
v 2.800 3.357 0.629
v 2.800 3.777 0.531
v 2.800 4.197 0.424
v 2.800 4.616 0.323
v 2.800 5.036 0.242
v 2.800 5.456 0.193
v 2.800 5.875 0.184
v 2.800 6.295 0.216
v 2.800 6.715 0.285
v 2.800 7.134 0.384
v 2.800 7.554 0.499
v 2.800 7.974 0.616
v 2.800 8.393 0.717
v 2.800 8.813 0.786
v 2.800 9.233 0.811
v 2.800 9.652 0.783
v 2.800 10.072 0.696
v 2.800 10.492 0.554
v 2.800 10.911 0.364
v 2.800 11.331 0.137
v 2.800 11.751 -0.109
v 2.800 12.170 -0.356
v 2.800 12.590 -0.588
v 2.800 13.010 -0.786
v 2.800 13.429 -0.939
v 2.800 13.849 -1.037
v 2.800 14.269 -1.079
v 3.500 0.000 0.207
v 3.500 0.425 0.414
v 3.500 0.849 0.601
v 3.500 1.274 0.753
v 3.500 1.698 0.856
v 3.500 2.123 0.903
v 3.500 2.547 0.891
v 3.500 2.972 0.825
v 3.500 3.396 0.714
v 3.500 3.821 0.571
v 3.500 4.245 0.412
v 3.500 4.670 0.255
v 3.500 5.094 0.116
v 3.500 5.519 0.007
v 3.500 5.943 -0.064
v 3.500 6.368 -0.094
v 3.500 6.792 -0.085
v 3.500 7.217 -0.046
v 3.500 7.642 0.011
v 3.500 8.066 0.072
v 3.500 8.491 0.121
v 3.500 8.915 0.142
v 3.500 9.340 0.124
v 3.500 9.764 0.060
v 3.500 10.189 -0.053
v 3.500 10.613 -0.211
v 3.500 11.038 -0.404
v 3.500 11.462 -0.620
v 3.500 11.887 -0.841
v 3.500 12.311 -1.050
v 3.500 12.736 -1.228
v 3.500 13.160 -1.362
v 3.500 13.585 -1.440
v 3.500 14.009 -1.459
v 3.500 14.434 -1.419
v 4.200 0.000 0.555
v 4.200 0.427 0.729
v 4.200 0.854 0.875
v 4.200 1.282 0.976
v 4.200 1.709 1.021
v 4.200 2.136 1.003
v 4.200 2.563 0.923
v 4.200 2.990 0.785
v 4.200 3.417 0.600
v 4.200 3.845 0.386
v 4.200 4.272 0.160
v 4.200 4.699 -0.060
v 4.200 5.126 -0.254
v 4.200 5.553 -0.411
v 4.200 5.980 -0.520
v 4.200 6.408 -0.577
v 4.200 6.835 -0.586
v 4.200 7.262 -0.555
v 4.200 7.689 -0.496
v 4.200 8.116 -0.426
v 4.200 8.543 -0.359
v 4.200 8.971 -0.313
v 4.200 9.398 -0.299
v 4.200 9.825 -0.325
v 4.200 10.252 -0.395
v 4.200 10.679 -0.506
v 4.200 11.106 -0.648
v 4.200 11.534 -0.808
v 4.200 11.961 -0.972
v 4.200 12.388 -1.122
v 4.200 12.815 -1.242
v 4.200 13.242 -1.320
v 4.200 13.669 -1.348
v 4.200 14.097 -1.322
v 4.200 14.524 -1.245
v 4.900 0.000 0.736
v 4.900 0.428 0.838
v 4.900 0.856 0.914
v 4.900 1.283 0.947
v 4.900 1.711 0.928
v 4.900 2.139 0.852
v 4.900 2.567 0.720
v 4.900 2.995 0.538
v 4.900 3.422 0.320
v 4.900 3.850 0.082
v 4.900 4.278 -0.158
v 4.900 4.706 -0.380
v 4.900 5.134 -0.567
v 4.900 5.561 -0.705
v 4.900 5.989 -0.785
v 4.900 6.417 -0.807
v 4.900 6.845 -0.772
v 4.900 7.273 -0.692
v 4.900 7.701 -0.580
v 4.900 8.128 -0.453
v 4.900 8.556 -0.331
v 4.900 8.984 -0.230
v 4.900 9.412 -0.163
v 4.900 9.840 -0.142
v 4.900 10.267 -0.169
v 4.900 10.695 -0.243
v 4.900 11.123 -0.356
v 4.900 11.551 -0.495
v 4.900 11.979 -0.646
v 4.900 12.406 -0.790
v 4.900 12.834 -0.914
v 4.900 13.262 -1.003
v 4.900 13.690 -1.049
v 4.900 14.118 -1.049
v 4.900 14.545 -1.005
v 5.600 0.000 0.627
v 5.600 0.427 0.695
v 5.600 0.853 0.744
v 5.600 1.280 0.763
v 5.600 1.707 0.740
v 5.600 2.134 0.670
v 5.600 2.560 0.554
v 5.600 2.987 0.398
v 5.600 3.414 0.214
v 5.600 3.841 0.016
v 5.600 4.267 -0.178
v 5.600 4.694 -0.350
v 5.600 5.121 -0.485
v 5.600 5.548 -0.570
v 5.600 5.974 -0.599
v 5.600 6.401 -0.572
v 5.600 6.828 -0.492
v 5.600 7.254 -0.371
v 5.600 7.681 -0.224
v 5.600 8.108 -0.070
v 5.600 8.535 0.074
v 5.600 8.961 0.188
v 5.600 9.388 0.259
v 5.600 9.815 0.277
v 5.600 10.242 0.239
v 5.600 10.668 0.145
v 5.600 11.095 0.006
v 5.600 11.522 -0.168
v 5.600 11.948 -0.358
v 5.600 12.375 -0.547
v 5.600 12.802 -0.718
v 5.600 13.229 -0.856
v 5.600 13.655 -0.950
v 5.600 14.082 -0.996
v 5.600 14.509 -0.993
v 6.300 0.000 0.495
v 6.300 0.424 0.592
v 6.300 0.849 0.680
v 6.300 1.273 0.742
v 6.300 1.697 0.767
v 6.300 2.122 0.749
v 6.300 2.546 0.686
v 6.300 2.970 0.583
v 6.300 3.394 0.449
v 6.300 3.819 0.298
v 6.300 4.243 0.145
v 6.300 4.667 0.006
v 6.300 5.092 -0.104
v 6.300 5.516 -0.174
v 6.300 5.940 -0.197
v 6.300 6.365 -0.172
v 6.300 6.789 -0.104
v 6.300 7.213 -0.002
v 6.300 7.638 0.119
v 6.300 8.062 0.242
v 6.300 8.486 0.350
v 6.300 8.910 0.426
v 6.300 9.335 0.458
v 6.300 9.759 0.436
v 6.300 10.183 0.358
v 6.300 10.608 0.226
v 6.300 11.032 0.049
v 6.300 11.456 -0.158
v 6.300 11.881 -0.379
v 6.300 12.305 -0.596
v 6.300 12.729 -0.789
v 6.300 13.154 -0.943
v 6.300 13.578 -1.045
v 6.300 14.002 -1.090
v 6.300 14.426 -1.077
v 7.000 0.000 0.567
v 7.000 0.421 0.709
v 7.000 0.842 0.838
v 7.000 1.263 0.938
v 7.000 1.684 0.996
v 7.000 2.105 1.004
v 7.000 2.526 0.961
v 7.000 2.947 0.869
v 7.000 3.368 0.737
v 7.000 3.788 0.579
v 7.000 4.209 0.410
v 7.000 4.630 0.245
v 7.000 5.051 0.101
v 7.000 5.472 -0.010
v 7.000 5.893 -0.081
v 7.000 6.314 -0.108
v 7.000 6.735 -0.094
v 7.000 7.156 -0.046
v 7.000 7.577 0.024
v 7.000 7.998 0.102
v 7.000 8.419 0.171
v 7.000 8.840 0.217
v 7.000 9.261 0.228
v 7.000 9.682 0.195
v 7.000 10.103 0.115
v 7.000 10.524 -0.009
v 7.000 10.945 -0.170
v 7.000 11.365 -0.354
v 7.000 11.786 -0.546
v 7.000 12.207 -0.728
v 7.000 12.628 -0.882
v 7.000 13.049 -0.994
v 7.000 13.470 -1.051
v 7.000 13.891 -1.047
v 7.000 14.312 -0.981
v 7.700 0.000 0.664
v 7.700 0.417 0.803
v 7.700 0.834 0.920
v 7.700 1.251 1.000
v 7.700 1.668 1.031
v 7.700 2.085 1.007
v 7.700 2.502 0.927
v 7.700 2.919 0.794
v 7.700 3.337 0.618
v 7.700 3.754 0.412
v 7.700 4.171 0.194
v 7.700 4.588 -0.019
v 7.700 5.005 -0.212
v 7.700 5.422 -0.370
v 7.700 5.839 -0.483
v 7.700 6.256 -0.546
v 7.700 6.673 -0.561
v 7.700 7.090 -0.532
v 7.700 7.507 -0.470
v 7.700 7.924 -0.389
v 7.700 8.341 -0.304
v 7.700 8.758 -0.229
v 7.700 9.175 -0.177
v 7.700 9.592 -0.159
v 7.700 10.010 -0.178
v 7.700 10.427 -0.235
v 7.700 10.844 -0.325
v 7.700 11.261 -0.437
v 7.700 11.678 -0.558
v 7.700 12.095 -0.673
v 7.700 12.512 -0.765
v 7.700 12.929 -0.822
v 7.700 13.346 -0.831
v 7.700 13.763 -0.787
v 7.700 14.180 -0.688
v 8.400 0.000 0.391
v 8.400 0.413 0.478
v 8.400 0.826 0.542
v 8.400 1.239 0.570
v 8.400 1.652 0.552
v 8.400 2.066 0.483
v 8.400 2.479 0.362
v 8.400 2.892 0.194
v 8.400 3.305 -0.010
v 8.400 3.718 -0.236
v 8.400 4.131 -0.467
v 8.400 4.544 -0.686
v 8.400 4.957 -0.877
v 8.400 5.370 -1.025
v 8.400 5.783 -1.121
v 8.400 6.197 -1.159
v 8.400 6.610 -1.140
v 8.400 7.023 -1.069
v 8.400 7.436 -0.958
v 8.400 7.849 -0.819
v 8.400 8.262 -0.669
v 8.400 8.675 -0.524
v 8.400 9.088 -0.398
v 8.400 9.501 -0.303
v 8.400 9.915 -0.247
v 8.400 10.328 -0.231
v 8.400 10.741 -0.254
v 8.400 11.154 -0.308
v 8.400 11.567 -0.381
v 8.400 11.980 -0.460
v 8.400 12.393 -0.530
v 8.400 12.806 -0.578
v 8.400 13.219 -0.592
v 8.400 13.632 -0.564
v 8.400 14.046 -0.492
v 9.100 0.000 -0.344
v 9.100 0.409 -0.290
v 9.100 0.819 -0.251
v 9.100 1.228 -0.238
v 9.100 1.638 -0.261
v 9.100 2.047 -0.325
v 9.100 2.457 -0.430
v 9.100 2.866 -0.572
v 9.100 3.276 -0.741
v 9.100 3.685 -0.924
v 9.100 4.095 -1.106
v 9.100 4.504 -1.271
v 9.100 4.914 -1.404
v 9.100 5.323 -1.492
v 9.100 5.733 -1.527
v 9.100 6.142 -1.504
v 9.100 6.552 -1.424
v 9.100 6.961 -1.295
v 9.100 7.371 -1.127
v 9.100 7.780 -0.935
v 9.100 8.189 -0.735
v 9.100 8.599 -0.543
v 9.100 9.008 -0.376
v 9.100 9.418 -0.246
v 9.100 9.827 -0.162
v 9.100 10.237 -0.127
v 9.100 10.646 -0.139
v 9.100 11.056 -0.193
v 9.100 11.465 -0.278
v 9.100 11.875 -0.380
v 9.100 12.284 -0.483
v 9.100 12.694 -0.574
v 9.100 13.103 -0.639
v 9.100 13.513 -0.668
v 9.100 13.922 -0.655
v 9.800 0.000 -1.126
v 9.800 0.407 -1.041
v 9.800 0.813 -0.962
v 9.800 1.220 -0.901
v 9.800 1.626 -0.869
v 9.800 2.033 -0.872
v 9.800 2.439 -0.912
v 9.800 2.846 -0.985
v 9.800 3.252 -1.085
v 9.800 3.659 -1.200
v 9.800 4.065 -1.317
v 9.800 4.472 -1.421
v 9.800 4.879 -1.500
v 9.800 5.285 -1.541
v 9.800 5.692 -1.537
v 9.800 6.098 -1.484
v 9.800 6.505 -1.383
v 9.800 6.911 -1.241
v 9.800 7.318 -1.069
v 9.800 7.724 -0.879
v 9.800 8.131 -0.687
v 9.800 8.537 -0.511
v 9.800 8.944 -0.363
v 9.800 9.351 -0.257
v 9.800 9.757 -0.200
v 9.800 10.164 -0.196
v 9.800 10.570 -0.243
v 9.800 10.977 -0.333
v 9.800 11.383 -0.457
v 9.800 11.790 -0.599
v 9.800 12.196 -0.743
v 9.800 12.603 -0.874
v 9.800 13.009 -0.977
v 9.800 13.416 -1.040
v 9.800 13.823 -1.057
v 10.500 0.000 -1.435
v 10.500 0.405 -1.285
v 10.500 0.809 -1.141
v 10.500 1.214 -1.018
v 10.500 1.619 -0.927
v 10.500 2.023 -0.875
v 10.500 2.428 -0.865
v 10.500 2.832 -0.896
v 10.500 3.237 -0.961
v 10.500 3.642 -1.050
v 10.500 4.046 -1.150
v 10.500 4.451 -1.247
v 10.500 4.856 -1.328
v 10.500 5.260 -1.381
v 10.500 5.665 -1.396
v 10.500 6.069 -1.371
v 10.500 6.474 -1.304
v 10.500 6.879 -1.201
v 10.500 7.283 -1.070
v 10.500 7.688 -0.923
v 10.500 8.093 -0.775
v 10.500 8.497 -0.639
v 10.500 8.902 -0.530
v 10.500 9.306 -0.458
v 10.500 9.711 -0.430
v 10.500 10.116 -0.448
v 10.500 10.520 -0.511
v 10.500 10.925 -0.612
v 10.500 11.330 -0.740
v 10.500 11.734 -0.880
v 10.500 12.139 -1.016
v 10.500 12.543 -1.134
v 10.500 12.948 -1.218
v 10.500 13.353 -1.257
v 10.500 13.757 -1.244
v 11.200 0.000 -1.185
v 11.200 0.404 -1.005
v 11.200 0.808 -0.840
v 11.200 1.212 -0.704
v 11.200 1.616 -0.608
v 11.200 2.020 -0.560
v 11.200 2.424 -0.562
v 11.200 2.828 -0.611
v 11.200 3.232 -0.702
v 11.200 3.636 -0.822
v 11.200 4.040 -0.957
v 11.200 4.444 -1.093
v 11.200 4.847 -1.215
v 11.200 5.251 -1.310
v 11.200 5.655 -1.368
v 11.200 6.059 -1.382
v 11.200 6.463 -1.352
v 11.200 6.867 -1.281
v 11.200 7.271 -1.176
v 11.200 7.675 -1.049
v 11.200 8.079 -0.912
v 11.200 8.483 -0.780
v 11.200 8.887 -0.665
v 11.200 9.291 -0.579
v 11.200 9.695 -0.529
v 11.200 10.099 -0.518
v 11.200 10.503 -0.545
v 11.200 10.907 -0.603
v 11.200 11.311 -0.683
v 11.200 11.715 -0.772
v 11.200 12.119 -0.856
v 11.200 12.523 -0.920
v 11.200 12.927 -0.951
v 11.200 13.331 -0.940
v 11.200 13.734 -0.879
v 11.900 0.000 -0.769
v 11.900 0.405 -0.616
v 11.900 0.809 -0.484
v 11.900 1.214 -0.385
v 11.900 1.619 -0.328
v 11.900 2.023 -0.321
v 11.900 2.428 -0.365
v 11.900 2.833 -0.455
v 11.900 3.237 -0.582
v 11.900 3.642 -0.736
v 11.900 4.047 -0.899
v 11.900 4.451 -1.057
v 11.900 4.856 -1.194
v 11.900 5.261 -1.295
v 11.900 5.666 -1.351
v 11.900 6.070 -1.355
v 11.900 6.475 -1.306
v 11.900 6.880 -1.209
v 11.900 7.284 -1.070
v 11.900 7.689 -0.903
v 11.900 8.094 -0.720
v 11.900 8.498 -0.538
v 11.900 8.903 -0.371
v 11.900 9.308 -0.230
v 11.900 9.712 -0.124
v 11.900 10.117 -0.058
v 11.900 10.522 -0.031
v 11.900 10.926 -0.040
v 11.900 11.331 -0.074
v 11.900 11.736 -0.122
v 11.900 12.140 -0.171
v 11.900 12.545 -0.207
v 11.900 12.950 -0.218
v 11.900 13.354 -0.195
v 11.900 13.759 -0.133
v 12.600 0.000 -0.558
v 12.600 0.407 -0.441
v 12.600 0.814 -0.338
v 12.600 1.221 -0.263
v 12.600 1.627 -0.226
v 12.600 2.034 -0.231
v 12.600 2.441 -0.279
v 12.600 2.848 -0.365
v 12.600 3.255 -0.481
v 12.600 3.662 -0.614
v 12.600 4.069 -0.748
v 12.600 4.475 -0.869
v 12.600 4.882 -0.960
v 12.600 5.289 -1.010
v 12.600 5.696 -1.008
v 12.600 6.103 -0.951
v 12.600 6.510 -0.839
v 12.600 6.917 -0.677
v 12.600 7.323 -0.476
v 12.600 7.730 -0.249
v 12.600 8.137 -0.013
v 12.600 8.544 0.216
v 12.600 8.951 0.423
v 12.600 9.358 0.594
v 12.600 9.765 0.720
v 12.600 10.171 0.796
v 12.600 10.578 0.824
v 12.600 10.985 0.808
v 12.600 11.392 0.758
v 12.600 11.799 0.686
v 12.600 12.206 0.607
v 12.600 12.613 0.534
v 12.600 13.019 0.481
v 12.600 13.426 0.457
v 12.600 13.833 0.470
v 13.300 0.000 -0.507
v 13.300 0.410 -0.370
v 13.300 0.821 -0.241
v 13.300 1.231 -0.132
v 13.300 1.642 -0.054
v 13.300 2.052 -0.013
v 13.300 2.463 -0.009
v 13.300 2.873 -0.041
v 13.300 3.284 -0.098
v 13.300 3.694 -0.171
v 13.300 4.104 -0.244
v 13.300 4.515 -0.303
v 13.300 4.925 -0.334
v 13.300 5.336 -0.326
v 13.300 5.746 -0.271
v 13.300 6.157 -0.166
v 13.300 6.567 -0.013
v 13.300 6.978 0.179
v 13.300 7.388 0.401
v 13.300 7.798 0.636
v 13.300 8.209 0.868
v 13.300 8.619 1.081
v 13.300 9.030 1.258
v 13.300 9.440 1.388
v 13.300 9.851 1.463
v 13.300 10.261 1.481
v 13.300 10.672 1.444
v 13.300 11.082 1.360
v 13.300 11.492 1.241
v 13.300 11.903 1.101
v 13.300 12.313 0.958
v 13.300 12.724 0.827
v 13.300 13.134 0.722
v 13.300 13.545 0.654
v 13.300 13.955 0.628
v 14.000 0.000 -0.311
v 14.000 0.415 -0.108
v 14.000 0.831 0.087
v 14.000 1.246 0.261
v 14.000 1.661 0.401
v 14.000 2.076 0.499
v 14.000 2.492 0.554
v 14.000 2.907 0.567
v 14.000 3.322 0.547
v 14.000 3.738 0.505
v 14.000 4.153 0.454
v 14.000 4.568 0.409
v 14.000 4.984 0.385
v 14.000 5.399 0.392
v 14.000 5.814 0.438
v 14.000 6.229 0.526
v 14.000 6.645 0.653
v 14.000 7.060 0.812
v 14.000 7.475 0.990
v 14.000 7.891 1.174
v 14.000 8.306 1.346
v 14.000 8.721 1.492
v 14.000 9.137 1.598
v 14.000 9.552 1.653
v 14.000 9.967 1.654
v 14.000 10.382 1.599
v 14.000 10.798 1.495
v 14.000 11.213 1.353
v 14.000 11.628 1.186
v 14.000 12.044 1.012
v 14.000 12.459 0.849
v 14.000 12.874 0.712
v 14.000 13.290 0.615
v 14.000 13.705 0.567
v 14.000 14.120 0.572
v 14.700 0.000 0.105
v 14.700 0.421 0.352
v 14.700 0.842 0.582
v 14.700 1.264 0.780
v 14.700 1.685 0.933
v 14.700 2.106 1.032
v 14.700 2.527 1.077
v 14.700 2.948 1.069
v 14.700 3.370 1.018
v 14.700 3.791 0.937
v 14.700 4.212 0.841
v 14.700 4.633 0.748
v 14.700 5.054 0.673
v 14.700 5.476 0.628
v 14.700 5.897 0.622
v 14.700 6.318 0.658
v 14.700 6.739 0.735
v 14.700 7.160 0.845
v 14.700 7.582 0.975
v 14.700 8.003 1.113
v 14.700 8.424 1.241
v 14.700 8.845 1.345
v 14.700 9.266 1.413
v 14.700 9.688 1.436
v 14.700 10.109 1.411
v 14.700 10.530 1.339
v 14.700 10.951 1.229
v 14.700 11.372 1.092
v 14.700 11.794 0.943
v 14.700 12.215 0.801
v 14.700 12.636 0.681
v 14.700 13.057 0.598
v 14.700 13.478 0.563
v 14.700 13.900 0.582
v 14.700 14.321 0.654
v 15.400 0.000 0.422
v 15.400 0.428 0.646
v 15.400 0.856 0.844
v 15.400 1.284 1.001
v 15.400 1.711 1.104
v 15.400 2.139 1.147
v 15.400 2.567 1.129
v 15.400 2.995 1.056
v 15.400 3.423 0.940
v 15.400 3.851 0.797
v 15.400 4.278 0.644
v 15.400 4.706 0.501
v 15.400 5.134 0.385
v 15.400 5.562 0.309
v 15.400 5.990 0.283
v 15.400 6.418 0.309
v 15.400 6.845 0.384
v 15.400 7.273 0.499
v 15.400 7.701 0.642
v 15.400 8.129 0.796
v 15.400 8.557 0.943
v 15.400 8.985 1.067
v 15.400 9.412 1.157
v 15.400 9.840 1.202
v 15.400 10.268 1.201
v 15.400 10.696 1.155
v 15.400 11.124 1.074
v 15.400 11.552 0.969
v 15.400 11.979 0.856
v 15.400 12.407 0.752
v 15.400 12.835 0.673
v 15.400 13.263 0.630
v 15.400 13.691 0.631
v 15.400 14.119 0.680
v 15.400 14.546 0.772
v 16.100 0.000 0.320
v 16.100 0.435 0.489
v 16.100 0.870 0.633
v 16.100 1.305 0.736
v 16.100 1.739 0.788
v 16.100 2.174 0.785
v 16.100 2.609 0.726
v 16.100 3.044 0.619
v 16.100 3.479 0.479
v 16.100 3.914 0.321
v 16.100 4.348 0.167
v 16.100 4.783 0.034
v 16.100 5.218 -0.059
v 16.100 5.653 -0.101
v 16.100 6.088 -0.083
v 16.100 6.523 -0.007
v 16.100 6.957 0.123
v 16.100 7.392 0.294
v 16.100 7.827 0.489
v 16.100 8.262 0.689
v 16.100 8.697 0.874
v 16.100 9.132 1.027
v 16.100 9.567 1.135
v 16.100 10.001 1.188
v 16.100 10.436 1.184
v 16.100 10.871 1.129
v 16.100 11.306 1.032
v 16.100 11.741 0.907
v 16.100 12.176 0.772
v 16.100 12.610 0.644
v 16.100 13.045 0.539
v 16.100 13.480 0.468
v 16.100 13.915 0.438
v 16.100 14.350 0.450
v 16.100 14.785 0.498
v 16.800 0.000 -0.073
v 16.800 0.442 0.081
v 16.800 0.884 0.218
v 16.800 1.325 0.322
v 16.800 1.767 0.383
v 16.800 2.209 0.394
v 16.800 2.651 0.357
v 16.800 3.093 0.279
v 16.800 3.534 0.173
v 16.800 3.976 0.057
v 16.800 4.418 -0.052
v 16.800 4.860 -0.134
v 16.800 5.302 -0.174
v 16.800 5.744 -0.162
v 16.800 6.185 -0.093
v 16.800 6.627 0.030
v 16.800 7.069 0.198
v 16.800 7.511 0.396
v 16.800 7.953 0.603
v 16.800 8.394 0.800
v 16.800 8.836 0.965
v 16.800 9.278 1.082
v 16.800 9.720 1.138
v 16.800 10.162 1.127
v 16.800 10.603 1.050
v 16.800 11.045 0.916
v 16.800 11.487 0.739
v 16.800 11.929 0.537
v 16.800 12.371 0.330
v 16.800 12.812 0.137
v 16.800 13.254 -0.025
v 16.800 13.696 -0.143
v 16.800 14.138 -0.213
v 16.800 14.580 -0.234
v 16.800 15.021 -0.216
v 17.500 0.000 -0.260
v 17.500 0.448 -0.063
v 17.500 0.897 0.121
v 17.500 1.345 0.274
v 17.500 1.793 0.382
v 17.500 2.241 0.438
v 17.500 2.690 0.442
v 17.500 3.138 0.401
v 17.500 3.586 0.326
v 17.500 4.035 0.234
v 17.500 4.483 0.144
v 17.500 4.931 0.074
v 17.500 5.380 0.039
v 17.500 5.828 0.049
v 17.500 6.276 0.106
v 17.500 6.724 0.206
v 17.500 7.173 0.340
v 17.500 7.621 0.491
v 17.500 8.069 0.640
v 17.500 8.518 0.766
v 17.500 8.966 0.850
v 17.500 9.414 0.877
v 17.500 9.862 0.839
v 17.500 10.311 0.733
v 17.500 10.759 0.566
v 17.500 11.207 0.350
v 17.500 11.656 0.102
v 17.500 12.104 -0.154
v 17.500 12.552 -0.398
v 17.500 13.001 -0.609
v 17.500 13.449 -0.770
v 17.500 13.897 -0.871
v 17.500 14.345 -0.911
v 17.500 14.794 -0.893
v 17.500 15.242 -0.829
v 18.200 0.000 0.074
v 18.200 0.454 0.312
v 18.200 0.908 0.529
v 18.200 1.362 0.705
v 18.200 1.815 0.825
v 18.200 2.269 0.880
v 18.200 2.723 0.871
v 18.200 3.177 0.804
v 18.200 3.631 0.694
v 18.200 4.085 0.557
v 18.200 4.539 0.416
v 18.200 4.992 0.288
v 18.200 5.446 0.192
v 18.200 5.900 0.137
v 18.200 6.354 0.127
v 18.200 6.808 0.161
v 18.200 7.262 0.227
v 18.200 7.716 0.310
v 18.200 8.169 0.391
v 18.200 8.623 0.451
v 18.200 9.077 0.474
v 18.200 9.531 0.444
v 18.200 9.985 0.358
v 18.200 10.439 0.214
v 18.200 10.893 0.022
v 18.200 11.346 -0.203
v 18.200 11.800 -0.442
v 18.200 12.254 -0.673
v 18.200 12.708 -0.874
v 18.200 13.162 -1.026
v 18.200 13.616 -1.116
v 18.200 14.070 -1.139
v 18.200 14.523 -1.097
v 18.200 14.977 -0.998
v 18.200 15.431 -0.860
v 18.900 0.000 0.705
v 18.900 0.458 0.919
v 18.900 0.916 1.099
v 18.900 1.374 1.227
v 18.900 1.832 1.288
v 18.900 2.290 1.276
v 18.900 2.748 1.193
v 18.900 3.207 1.048
v 18.900 3.665 0.857
v 18.900 4.123 0.642
v 18.900 4.581 0.425
v 18.900 5.039 0.230
v 18.900 5.497 0.073
v 18.900 5.955 -0.032
v 18.900 6.413 -0.081
v 18.900 6.871 -0.077
v 18.900 7.329 -0.031
v 18.900 7.787 0.042
v 18.900 8.245 0.122
v 18.900 8.704 0.190
v 18.900 9.162 0.226
v 18.900 9.620 0.218
v 18.900 10.078 0.160
v 18.900 10.536 0.052
v 18.900 10.994 -0.097
v 18.900 11.452 -0.273
v 18.900 11.910 -0.457
v 18.900 12.368 -0.628
v 18.900 12.826 -0.766
v 18.900 13.284 -0.855
v 18.900 13.742 -0.885
v 18.900 14.201 -0.854
v 18.900 14.659 -0.767
v 18.900 15.117 -0.638
v 18.900 15.575 -0.484
v 19.600 0.000 1.129
v 19.600 0.461 1.267
v 19.600 0.921 1.371
v 19.600 1.382 1.422
v 19.600 1.842 1.410
v 19.600 2.303 1.328
v 19.600 2.764 1.182
v 19.600 3.224 0.983
v 19.600 3.685 0.748
v 19.600 4.145 0.501
v 19.600 4.606 0.266
v 19.600 5.066 0.064
v 19.600 5.527 -0.085
v 19.600 5.988 -0.171
v 19.600 6.448 -0.190
v 19.600 6.909 -0.146
v 19.600 7.369 -0.053
v 19.600 7.830 0.071
v 19.600 8.291 0.205
v 19.600 8.751 0.325
v 19.600 9.212 0.413
v 19.600 9.672 0.452
v 19.600 10.133 0.437
v 19.600 10.593 0.365
v 19.600 11.054 0.246
v 19.600 11.515 0.094
v 19.600 11.975 -0.073
v 19.600 12.436 -0.233
v 19.600 12.896 -0.368
v 19.600 13.357 -0.462
v 19.600 13.818 -0.505
v 19.600 14.278 -0.496
v 19.600 14.739 -0.439
v 19.600 15.199 -0.348
v 19.600 15.660 -0.240
v 20.300 0.000 1.116
v 20.300 0.461 1.207
v 20.300 0.922 1.273
v 20.300 1.383 1.299
v 20.300 1.844 1.272
v 20.300 2.305 1.188
v 20.300 2.766 1.050
v 20.300 3.227 0.870
v 20.300 3.688 0.664
v 20.300 4.149 0.455
v 20.300 4.610 0.264
v 20.300 5.072 0.112
v 20.300 5.533 0.015
v 20.300 5.994 -0.016
v 20.300 6.455 0.018
v 20.300 6.916 0.111
v 20.300 7.377 0.249
v 20.300 7.838 0.411
v 20.300 8.299 0.574
v 20.300 8.760 0.714
v 20.300 9.221 0.811
v 20.300 9.682 0.849
v 20.300 10.143 0.822
v 20.300 10.604 0.729
v 20.300 11.065 0.579
v 20.300 11.526 0.388
v 20.300 11.987 0.177
v 20.300 12.448 -0.033
v 20.300 12.909 -0.220
v 20.300 13.370 -0.366
v 20.300 13.831 -0.461
v 20.300 14.293 -0.500
v 20.300 14.754 -0.487
v 20.300 15.215 -0.434
v 20.300 15.676 -0.356
v 21.000 0.000 0.899
v 21.000 0.459 1.012
v 21.000 0.918 1.110
v 21.000 1.378 1.176
v 21.000 1.837 1.194
v 21.000 2.296 1.161
v 21.000 2.755 1.075
v 21.000 3.215 0.947
v 21.000 3.674 0.792
v 21.000 4.133 0.627
v 21.000 4.592 0.475
v 21.000 5.052 0.353
v 21.000 5.511 0.277
v 21.000 5.970 0.256
v 21.000 6.429 0.290
v 21.000 6.888 0.373
v 21.000 7.348 0.491
v 21.000 7.807 0.625
v 21.000 8.266 0.752
v 21.000 8.725 0.852
v 21.000 9.185 0.903
v 21.000 9.644 0.894
v 21.000 10.103 0.817
v 21.000 10.562 0.674
v 21.000 11.022 0.475
v 21.000 11.481 0.238
v 21.000 11.940 -0.017
v 21.000 12.399 -0.265
v 21.000 12.858 -0.483
v 21.000 13.318 -0.653
v 21.000 13.777 -0.761
v 21.000 14.236 -0.802
v 21.000 14.695 -0.779
v 21.000 15.155 -0.703
v 21.000 15.614 -0.588
v 21.700 0.000 0.784
v 21.700 0.455 0.944
v 21.700 0.910 1.086
v 21.700 1.365 1.191
v 21.700 1.820 1.245
v 21.700 2.275 1.239
v 21.700 2.730 1.174
v 21.700 3.185 1.056
v 21.700 3.640 0.900
v 21.700 4.095 0.724
v 21.700 4.550 0.548
v 21.700 5.005 0.391
v 21.700 5.460 0.270
v 21.700 5.915 0.195
v 21.700 6.370 0.170
v 21.700 6.825 0.190
v 21.700 7.280 0.245
v 21.700 7.735 0.320
v 21.700 8.190 0.393
v 21.700 8.645 0.447
v 21.700 9.100 0.463
v 21.700 9.555 0.429
v 21.700 10.010 0.338
v 21.700 10.464 0.192
v 21.700 10.919 0.000
v 21.700 11.374 -0.223
v 21.700 11.829 -0.456
v 21.700 12.284 -0.676
v 21.700 12.739 -0.862
v 21.700 13.194 -0.995
v 21.700 13.649 -1.061
v 21.700 14.104 -1.055
v 21.700 14.559 -0.979
v 21.700 15.014 -0.842
v 21.700 15.469 -0.663
v 22.400 0.000 0.723
v 22.400 0.448 0.880
v 22.400 0.896 1.011
v 22.400 1.345 1.096
v 22.400 1.793 1.122
v 22.400 2.241 1.082
v 22.400 2.689 0.977
v 22.400 3.138 0.814
v 22.400 3.586 0.607
v 22.400 4.034 0.376
v 22.400 4.482 0.142
v 22.400 4.931 -0.075
v 22.400 5.379 -0.256
v 22.400 5.827 -0.390
v 22.400 6.275 -0.468
v 22.400 6.724 -0.493
v 22.400 7.172 -0.472
v 22.400 7.620 -0.417
v 22.400 8.068 -0.348
v 22.400 8.517 -0.281
v 22.400 8.965 -0.234
v 22.400 9.413 -0.223
v 22.400 9.861 -0.254
v 22.400 10.309 -0.331
v 22.400 10.758 -0.448
v 22.400 11.206 -0.594
v 22.400 11.654 -0.752
v 22.400 12.102 -0.904
v 22.400 12.551 -1.029
v 22.400 12.999 -1.110
v 22.400 13.447 -1.134
v 22.400 13.895 -1.094
v 22.400 14.344 -0.990
v 22.400 14.792 -0.830
v 22.400 15.240 -0.629
v 23.100 0.000 0.398
v 23.100 0.439 0.496
v 23.100 0.878 0.566
v 23.100 1.317 0.591
v 23.100 1.756 0.561
v 23.100 2.195 0.469
v 23.100 2.634 0.319
v 23.100 3.073 0.117
v 23.100 3.513 -0.122
v 23.100 3.952 -0.379
v 23.100 4.391 -0.633
v 23.100 4.830 -0.864
v 23.100 5.269 -1.054
v 23.100 5.708 -1.188
v 23.100 6.147 -1.260
v 23.100 6.586 -1.269
v 23.100 7.025 -1.221
v 23.100 7.464 -1.127
v 23.100 7.903 -1.005
v 23.100 8.342 -0.873
v 23.100 8.781 -0.749
v 23.100 9.220 -0.651
v 23.100 9.659 -0.591
v 23.100 10.099 -0.575
v 23.100 10.538 -0.603
v 23.100 10.977 -0.669
v 23.100 11.416 -0.763
v 23.100 11.855 -0.867
v 23.100 12.294 -0.965
v 23.100 12.733 -1.039
v 23.100 13.172 -1.075
v 23.100 13.611 -1.064
v 23.100 14.050 -1.000
v 23.100 14.489 -0.888
v 23.100 14.928 -0.735
v 23.800 0.000 -0.298
v 23.800 0.428 -0.247
v 23.800 0.855 -0.214
v 23.800 1.283 -0.215
v 23.800 1.710 -0.258
v 23.800 2.138 -0.348
v 23.800 2.566 -0.484
v 23.800 2.993 -0.660
v 23.800 3.421 -0.863
v 23.800 3.849 -1.078
v 23.800 4.276 -1.286
v 23.800 4.704 -1.469
v 23.800 5.131 -1.610
v 23.800 5.559 -1.697
v 23.800 5.987 -1.723
v 23.800 6.414 -1.686
v 23.800 6.842 -1.592
v 23.800 7.270 -1.450
v 23.800 7.697 -1.277
v 23.800 8.125 -1.091
v 23.800 8.552 -0.910
v 23.800 8.980 -0.753
v 23.800 9.408 -0.634
v 23.800 9.835 -0.563
v 23.800 10.263 -0.545
v 23.800 10.691 -0.576
v 23.800 11.118 -0.651
v 23.800 11.546 -0.756
v 23.800 11.973 -0.875
v 23.800 12.401 -0.991
v 23.800 12.829 -1.089
v 23.800 13.256 -1.153
v 23.800 13.684 -1.174
v 23.800 14.112 -1.149
v 23.800 14.539 -1.079
v 24.500 0.000 -0.999
v 24.500 0.414 -0.930
v 24.500 0.828 -0.868
v 24.500 1.242 -0.827
v 24.500 1.657 -0.818
v 24.500 2.071 -0.846
v 24.500 2.485 -0.913
v 24.500 2.899 -1.015
v 24.500 3.313 -1.143
v 24.500 3.727 -1.284
v 24.500 4.142 -1.425
v 24.500 4.556 -1.550
v 24.500 4.970 -1.644
v 24.500 5.384 -1.696
v 24.500 5.798 -1.699
v 24.500 6.212 -1.651
v 24.500 6.627 -1.553
v 24.500 7.041 -1.414
v 24.500 7.455 -1.246
v 24.500 7.869 -1.065
v 24.500 8.283 -0.887
v 24.500 8.697 -0.730
v 24.500 9.111 -0.607
v 24.500 9.526 -0.531
v 24.500 9.940 -0.507
v 24.500 10.354 -0.538
v 24.500 10.768 -0.618
v 24.500 11.182 -0.738
v 24.500 11.596 -0.885
v 24.500 12.011 -1.042
v 24.500 12.425 -1.194
v 24.500 12.839 -1.322
v 24.500 13.253 -1.415
v 24.500 13.667 -1.461
v 24.500 14.081 -1.457
v 25.200 0.000 -1.217
v 25.200 0.399 -1.090
v 25.200 0.798 -0.968
v 25.200 1.197 -0.867
v 25.200 1.596 -0.795
v 25.200 1.995 -0.761
v 25.200 2.394 -0.768
v 25.200 2.793 -0.813
v 25.200 3.192 -0.892
v 25.200 3.591 -0.994
v 25.200 3.990 -1.108
v 25.200 4.389 -1.221
v 25.200 4.788 -1.318
v 25.200 5.187 -1.389
v 25.200 5.586 -1.425
v 25.200 5.985 -1.421
v 25.200 6.384 -1.375
v 25.200 6.783 -1.293
v 25.200 7.182 -1.181
v 25.200 7.581 -1.050
v 25.200 7.981 -0.914
v 25.200 8.380 -0.786
v 25.200 8.779 -0.681
v 25.200 9.178 -0.609
v 25.200 9.577 -0.578
v 25.200 9.976 -0.593
v 25.200 10.375 -0.652
v 25.200 10.774 -0.752
v 25.200 11.173 -0.881
v 25.200 11.572 -1.029
v 25.200 11.971 -1.180
v 25.200 12.370 -1.318
v 25.200 12.769 -1.429
v 25.200 13.168 -1.501
v 25.200 13.567 -1.524
v 25.900 0.000 -0.879
v 25.900 0.383 -0.724
v 25.900 0.765 -0.581
v 25.900 1.148 -0.462
v 25.900 1.531 -0.377
v 25.900 1.913 -0.334
v 25.900 2.296 -0.335
v 25.900 2.679 -0.380
v 25.900 3.061 -0.463
v 25.900 3.444 -0.578
v 25.900 3.826 -0.712
v 25.900 4.209 -0.854
v 25.900 4.592 -0.991
v 25.900 4.974 -1.111
v 25.900 5.357 -1.204
v 25.900 5.740 -1.261
v 25.900 6.122 -1.280
v 25.900 6.505 -1.259
v 25.900 6.888 -1.202
v 25.900 7.270 -1.115
v 25.900 7.653 -1.009
v 25.900 8.036 -0.894
v 25.900 8.418 -0.782
v 25.900 8.801 -0.684
v 25.900 9.184 -0.610
v 25.900 9.566 -0.567
v 25.900 9.949 -0.558
v 25.900 10.331 -0.584
v 25.900 10.714 -0.640
v 25.900 11.097 -0.720
v 25.900 11.479 -0.814
v 25.900 11.862 -0.909
v 25.900 12.245 -0.994
v 25.900 12.627 -1.055
v 25.900 13.010 -1.083
v 26.600 0.000 -0.413
v 26.600 0.366 -0.286
v 26.600 0.731 -0.174
v 26.600 1.097 -0.088
v 26.600 1.462 -0.034
v 26.600 1.828 -0.020
v 26.600 2.193 -0.047
v 26.600 2.559 -0.115
v 26.600 2.924 -0.219
v 26.600 3.290 -0.353
v 26.600 3.655 -0.506
v 26.600 4.021 -0.668
v 26.600 4.386 -0.827
v 26.600 4.752 -0.971
v 26.600 5.117 -1.089
v 26.600 5.483 -1.173
v 26.600 5.848 -1.216
v 26.600 6.214 -1.217
v 26.600 6.579 -1.175
v 26.600 6.945 -1.095
v 26.600 7.310 -0.982
v 26.600 7.676 -0.846
v 26.600 8.041 -0.697
v 26.600 8.407 -0.546
v 26.600 8.772 -0.403
v 26.600 9.138 -0.279
v 26.600 9.503 -0.179
v 26.600 9.869 -0.109
v 26.600 10.234 -0.071
v 26.600 10.600 -0.062
v 26.600 10.965 -0.079
v 26.600 11.331 -0.115
v 26.600 11.696 -0.160
v 26.600 12.062 -0.206
v 26.600 12.427 -0.241
v 27.300 0.000 -0.265
v 27.300 0.348 -0.177
v 27.300 0.696 -0.099
v 27.300 1.044 -0.040
v 27.300 1.392 -0.006
v 27.300 1.741 -0.002
v 27.300 2.089 -0.030
v 27.300 2.437 -0.090
v 27.300 2.785 -0.178
v 27.300 3.133 -0.290
v 27.300 3.481 -0.417
v 27.300 3.829 -0.550
v 27.300 4.177 -0.680
v 27.300 4.526 -0.797
v 27.300 4.874 -0.891
v 27.300 5.222 -0.953
v 27.300 5.570 -0.979
v 27.300 5.918 -0.963
v 27.300 6.266 -0.906
v 27.300 6.614 -0.808
v 27.300 6.962 -0.675
v 27.300 7.311 -0.512
v 27.300 7.659 -0.329
v 27.300 8.007 -0.136
v 27.300 8.355 0.058
v 27.300 8.703 0.242
v 27.300 9.051 0.407
v 27.300 9.399 0.545
v 27.300 9.747 0.652
v 27.300 10.096 0.724
v 27.300 10.444 0.762
v 27.300 10.792 0.768
v 27.300 11.140 0.746
v 27.300 11.488 0.704
v 27.300 11.836 0.650
v 28.000 0.000 -0.431
v 28.000 0.331 -0.338
v 28.000 0.662 -0.249
v 28.000 0.993 -0.170
v 28.000 1.324 -0.107
v 28.000 1.655 -0.066
v 28.000 1.986 -0.048
v 28.000 2.317 -0.055
v 28.000 2.648 -0.086
v 28.000 2.979 -0.136
v 28.000 3.310 -0.201
v 28.000 3.641 -0.274
v 28.000 3.972 -0.348
v 28.000 4.303 -0.415
v 28.000 4.635 -0.467
v 28.000 4.966 -0.497
v 28.000 5.297 -0.499
v 28.000 5.628 -0.470
v 28.000 5.959 -0.407
v 28.000 6.290 -0.311
v 28.000 6.621 -0.183
v 28.000 6.952 -0.028
v 28.000 7.283 0.148
v 28.000 7.614 0.337
v 28.000 7.945 0.530
v 28.000 8.276 0.719
v 28.000 8.607 0.895
v 28.000 8.938 1.049
v 28.000 9.269 1.175
v 28.000 9.600 1.268
v 28.000 9.931 1.326
v 28.000 10.262 1.347
v 28.000 10.593 1.332
v 28.000 10.924 1.287
v 28.000 11.255 1.216
v 28.700 0.000 -0.551
v 28.700 0.315 -0.415
v 28.700 0.630 -0.279
v 28.700 0.944 -0.152
v 28.700 1.259 -0.038
v 28.700 1.574 0.058
v 28.700 1.889 0.131
v 28.700 2.203 0.180
v 28.700 2.518 0.206
v 28.700 2.833 0.209
v 28.700 3.148 0.192
v 28.700 3.463 0.162
v 28.700 3.777 0.122
v 28.700 4.092 0.080
v 28.700 4.407 0.042
v 28.700 4.722 0.013
v 28.700 5.036 0.000
v 28.700 5.351 0.008
v 28.700 5.666 0.038
v 28.700 5.981 0.094
v 28.700 6.296 0.175
v 28.700 6.610 0.278
v 28.700 6.925 0.401
v 28.700 7.240 0.539
v 28.700 7.555 0.686
v 28.700 7.869 0.834
v 28.700 8.184 0.978
v 28.700 8.499 1.109
v 28.700 8.814 1.221
v 28.700 9.129 1.309
v 28.700 9.443 1.368
v 28.700 9.758 1.396
v 28.700 10.073 1.392
v 28.700 10.388 1.356
v 28.700 10.703 1.293
v 29.400 0.000 -0.416
v 29.400 0.300 -0.248
v 29.400 0.600 -0.085
v 29.400 0.900 0.067
v 29.400 1.199 0.203
v 29.400 1.499 0.319
v 29.400 1.799 0.409
v 29.400 2.099 0.474
v 29.400 2.399 0.511
v 29.400 2.699 0.522
v 29.400 2.999 0.509
v 29.400 3.298 0.475
v 29.400 3.598 0.426
v 29.400 3.898 0.367
v 29.400 4.198 0.304
v 29.400 4.498 0.242
v 29.400 4.798 0.187
v 29.400 5.098 0.145
v 29.400 5.397 0.119
v 29.400 5.697 0.114
v 29.400 5.997 0.129
v 29.400 6.297 0.166
v 29.400 6.597 0.224
v 29.400 6.897 0.301
v 29.400 7.197 0.392
v 29.400 7.496 0.494
v 29.400 7.796 0.600
v 29.400 8.096 0.706
v 29.400 8.396 0.806
v 29.400 8.696 0.893
v 29.400 8.996 0.964
v 29.400 9.296 1.015
v 29.400 9.595 1.042
v 29.400 9.895 1.045
v 29.400 10.195 1.023
v 30.100 0.000 -0.224
v 30.100 0.287 -0.072
v 30.100 0.573 0.072
v 30.100 0.860 0.203
v 30.100 1.147 0.316
v 30.100 1.434 0.406
v 30.100 1.720 0.472
v 30.100 2.007 0.510
v 30.100 2.294 0.522
v 30.100 2.580 0.508
v 30.100 2.867 0.469
v 30.100 3.154 0.409
v 30.100 3.441 0.332
v 30.100 3.727 0.244
v 30.100 4.014 0.149
v 30.100 4.301 0.053
v 30.100 4.587 -0.038
v 30.100 4.874 -0.119
v 30.100 5.161 -0.185
v 30.100 5.448 -0.233
v 30.100 5.734 -0.259
v 30.100 6.021 -0.262
v 30.100 6.308 -0.241
v 30.100 6.594 -0.198
v 30.100 6.881 -0.134
v 30.100 7.168 -0.052
v 30.100 7.455 0.044
v 30.100 7.741 0.149
v 30.100 8.028 0.258
v 30.100 8.315 0.367
v 30.100 8.601 0.469
v 30.100 8.888 0.561
v 30.100 9.175 0.638
v 30.100 9.462 0.697
v 30.100 9.748 0.737
v 30.800 0.000 -0.275
v 30.800 0.276 -0.162
v 30.800 0.551 -0.057
v 30.800 0.827 0.037
v 30.800 1.103 0.114
v 30.800 1.379 0.173
v 30.800 1.654 0.211
v 30.800 1.930 0.227
v 30.800 2.206 0.219
v 30.800 2.482 0.189
v 30.800 2.757 0.139
v 30.800 3.033 0.072
v 30.800 3.309 -0.010
v 30.800 3.585 -0.101
v 30.800 3.860 -0.197
v 30.800 4.136 -0.293
v 30.800 4.412 -0.384
v 30.800 4.688 -0.465
v 30.800 4.963 -0.531
v 30.800 5.239 -0.579
v 30.800 5.515 -0.605
v 30.800 5.791 -0.608
v 30.800 6.066 -0.587
v 30.800 6.342 -0.541
v 30.800 6.618 -0.472
v 30.800 6.894 -0.382
v 30.800 7.169 -0.274
v 30.800 7.445 -0.153
v 30.800 7.721 -0.022
v 30.800 7.997 0.113
v 30.800 8.272 0.248
v 30.800 8.548 0.378
v 30.800 8.824 0.497
v 30.800 9.100 0.602
v 30.800 9.375 0.689
v 31.500 0.000 -0.506
v 31.500 0.267 -0.410
v 31.500 0.534 -0.318
v 31.500 0.802 -0.233
v 31.500 1.069 -0.159
v 31.500 1.336 -0.098
v 31.500 1.603 -0.054
v 31.500 1.871 -0.028
v 31.500 2.138 -0.019
v 31.500 2.405 -0.029
v 31.500 2.672 -0.055
v 31.500 2.940 -0.096
v 31.500 3.207 -0.148
v 31.500 3.474 -0.209
v 31.500 3.741 -0.275
v 31.500 4.009 -0.341
v 31.500 4.276 -0.403
v 31.500 4.543 -0.456
v 31.500 4.810 -0.498
v 31.500 5.078 -0.524
v 31.500 5.345 -0.533
v 31.500 5.612 -0.520
v 31.500 5.879 -0.487
v 31.500 6.147 -0.432
v 31.500 6.414 -0.356
v 31.500 6.681 -0.261
v 31.500 6.948 -0.150
v 31.500 7.216 -0.025
v 31.500 7.483 0.108
v 31.500 7.750 0.247
v 31.500 8.017 0.386
v 31.500 8.285 0.520
v 31.500 8.552 0.645
v 31.500 8.819 0.756
v 31.500 9.086 0.851
v 32.200 0.000 -0.498
v 32.200 0.261 -0.381
v 32.200 0.523 -0.265
v 32.200 0.784 -0.154
v 32.200 1.046 -0.052
v 32.200 1.307 0.038
v 32.200 1.568 0.114
v 32.200 1.830 0.174
v 32.200 2.091 0.216
v 32.200 2.353 0.241
v 32.200 2.614 0.248
v 32.200 2.875 0.241
v 32.200 3.137 0.220
v 32.200 3.398 0.188
v 32.200 3.660 0.148
v 32.200 3.921 0.105
v 32.200 4.183 0.061
v 32.200 4.444 0.021
v 32.200 4.705 -0.012
v 32.200 4.967 -0.036
v 32.200 5.228 -0.046
v 32.200 5.490 -0.041
v 32.200 5.751 -0.020
v 32.200 6.012 0.017
v 32.200 6.274 0.071
v 32.200 6.535 0.141
v 32.200 6.797 0.224
v 32.200 7.058 0.318
v 32.200 7.319 0.420
v 32.200 7.581 0.525
v 32.200 7.842 0.631
v 32.200 8.104 0.732
v 32.200 8.365 0.825
v 32.200 8.626 0.906
v 32.200 8.888 0.971
v 32.900 0.000 0.031
v 32.900 0.258 0.175
v 32.900 0.517 0.316
v 32.900 0.775 0.449
v 32.900 1.033 0.572
v 32.900 1.292 0.681
v 32.900 1.550 0.772
v 32.900 1.808 0.844
v 32.900 2.067 0.897
v 32.900 2.325 0.928
v 32.900 2.583 0.939
v 32.900 2.842 0.931
v 32.900 3.100 0.906
v 32.900 3.358 0.866
v 32.900 3.617 0.815
v 32.900 3.875 0.755
v 32.900 4.133 0.691
v 32.900 4.392 0.626
v 32.900 4.650 0.564
v 32.900 4.908 0.509
v 32.900 5.167 0.462
v 32.900 5.425 0.428
v 32.900 5.683 0.407
v 32.900 5.942 0.400
v 32.900 6.200 0.408
v 32.900 6.458 0.430
v 32.900 6.717 0.466
v 32.900 6.975 0.512
v 32.900 7.233 0.567
v 32.900 7.492 0.628
v 32.900 7.750 0.691
v 32.900 8.008 0.752
v 32.900 8.267 0.808
v 32.900 8.525 0.855
v 32.900 8.783 0.890
v 33.600 0.000 0.837
v 33.600 0.258 0.974
v 33.600 0.516 1.104
v 33.600 0.774 1.223
v 33.600 1.032 1.328
v 33.600 1.290 1.414
v 33.600 1.548 1.481
v 33.600 1.806 1.525
v 33.600 2.064 1.547
v 33.600 2.322 1.545
v 33.600 2.580 1.520
v 33.600 2.838 1.474
v 33.600 3.096 1.409
v 33.600 3.354 1.329
v 33.600 3.612 1.235
v 33.600 3.870 1.133
v 33.600 4.128 1.026
v 33.600 4.386 0.918
v 33.600 4.644 0.814
v 33.600 4.902 0.716
v 33.600 5.160 0.630
v 33.600 5.418 0.556
v 33.600 5.676 0.498
v 33.600 5.934 0.456
v 33.600 6.192 0.432
v 33.600 6.450 0.424
v 33.600 6.708 0.433
v 33.600 6.966 0.456
v 33.600 7.224 0.491
v 33.600 7.482 0.536
v 33.600 7.740 0.586
v 33.600 7.998 0.638
v 33.600 8.256 0.689
v 33.600 8.514 0.735
v 33.600 8.772 0.773
v 34.300 0.000 1.368
v 34.300 0.260 1.466
v 34.300 0.521 1.555
v 34.300 0.781 1.633
v 34.300 1.041 1.695
v 34.300 1.302 1.738
v 34.300 1.562 1.762
v 34.300 1.822 1.763
v 34.300 2.082 1.742
v 34.300 2.343 1.699
v 34.300 2.603 1.634
v 34.300 2.863 1.550
v 34.300 3.124 1.450
v 34.300 3.384 1.336
v 34.300 3.644 1.213
v 34.300 3.905 1.085
v 34.300 4.165 0.955
v 34.300 4.425 0.829
v 34.300 4.686 0.711
v 34.300 4.946 0.604
v 34.300 5.206 0.512
v 34.300 5.467 0.437
v 34.300 5.727 0.382
v 34.300 5.987 0.348
v 34.300 6.247 0.335
v 34.300 6.508 0.342
v 34.300 6.768 0.369
v 34.300 7.028 0.412
v 34.300 7.289 0.470
v 34.300 7.549 0.538
v 34.300 7.809 0.614
v 34.300 8.070 0.692
v 34.300 8.330 0.770
v 34.300 8.590 0.842
v 34.300 8.851 0.906
v 35.000 0.000 1.341
v 35.000 0.265 1.407
v 35.000 0.530 1.469
v 35.000 0.795 1.520
v 35.000 1.060 1.559
v 35.000 1.325 1.582
v 35.000 1.590 1.588
v 35.000 1.855 1.574
v 35.000 2.120 1.541
v 35.000 2.385 1.489
v 35.000 2.650 1.419
v 35.000 2.915 1.333
v 35.000 3.180 1.234
v 35.000 3.445 1.125
v 35.000 3.710 1.011
v 35.000 3.975 0.895
v 35.000 4.240 0.783
v 35.000 4.505 0.677
v 35.000 4.770 0.583
v 35.000 5.035 0.504
v 35.000 5.300 0.443
v 35.000 5.565 0.401
v 35.000 5.830 0.382
v 35.000 6.095 0.384
v 35.000 6.360 0.408
v 35.000 6.626 0.452
v 35.000 6.891 0.514
v 35.000 7.156 0.591
v 35.000 7.421 0.680
v 35.000 7.686 0.776
v 35.000 7.951 0.875
v 35.000 8.216 0.972
v 35.000 8.481 1.063
v 35.000 8.746 1.144
v 35.000 9.011 1.211
v 35.700 0.000 0.991
v 35.700 0.272 1.067
v 35.700 0.544 1.140
v 35.700 0.815 1.206
v 35.700 1.087 1.261
v 35.700 1.359 1.303
v 35.700 1.631 1.328
v 35.700 1.903 1.334
v 35.700 2.175 1.322
v 35.700 2.446 1.291
v 35.700 2.718 1.243
v 35.700 2.990 1.179
v 35.700 3.262 1.103
v 35.700 3.534 1.017
v 35.700 3.806 0.926
v 35.700 4.077 0.834
v 35.700 4.349 0.745
v 35.700 4.621 0.664
v 35.700 4.893 0.594
v 35.700 5.165 0.539
v 35.700 5.437 0.501
v 35.700 5.708 0.482
v 35.700 5.980 0.482
v 35.700 6.252 0.502
v 35.700 6.524 0.541
v 35.700 6.796 0.596
v 35.700 7.068 0.664
v 35.700 7.339 0.743
v 35.700 7.611 0.826
v 35.700 7.883 0.911
v 35.700 8.155 0.992
v 35.700 8.427 1.064
v 35.700 8.698 1.123
v 35.700 8.970 1.166
v 35.700 9.242 1.188
v 36.400 0.000 0.724
v 36.400 0.280 0.830
v 36.400 0.561 0.934
v 36.400 0.841 1.028
v 36.400 1.121 1.110
v 36.400 1.402 1.175
v 36.400 1.682 1.219
v 36.400 1.962 1.242
v 36.400 2.243 1.241
v 36.400 2.523 1.218
v 36.400 2.803 1.173
v 36.400 3.084 1.109
v 36.400 3.364 1.029
v 36.400 3.645 0.937
v 36.400 3.925 0.838
v 36.400 4.205 0.735
v 36.400 4.486 0.634
v 36.400 4.766 0.539
v 36.400 5.046 0.455
v 36.400 5.327 0.384
v 36.400 5.607 0.330
v 36.400 5.887 0.294
v 36.400 6.168 0.276
v 36.400 6.448 0.276
v 36.400 6.728 0.292
v 36.400 7.009 0.322
v 36.400 7.289 0.363
v 36.400 7.569 0.410
v 36.400 7.850 0.458
v 36.400 8.130 0.504
v 36.400 8.410 0.542
v 36.400 8.691 0.567
v 36.400 8.971 0.577
v 36.400 9.252 0.568
v 36.400 9.532 0.538
v 37.100 0.000 0.615
v 37.100 0.290 0.729
v 37.100 0.580 0.835
v 37.100 0.870 0.926
v 37.100 1.161 1.000
v 37.100 1.451 1.050
v 37.100 1.741 1.074
v 37.100 2.031 1.071
v 37.100 2.321 1.039
v 37.100 2.611 0.979
v 37.100 2.901 0.894
v 37.100 3.192 0.787
v 37.100 3.482 0.661
v 37.100 3.772 0.523
v 37.100 4.062 0.377
v 37.100 4.352 0.230
v 37.100 4.642 0.087
v 37.100 4.933 -0.047
v 37.100 5.223 -0.168
v 37.100 5.513 -0.270
v 37.100 5.803 -0.352
v 37.100 6.093 -0.412
v 37.100 6.383 -0.450
v 37.100 6.673 -0.467
v 37.100 6.964 -0.465
v 37.100 7.254 -0.448
v 37.100 7.544 -0.419
v 37.100 7.834 -0.384
v 37.100 8.124 -0.346
v 37.100 8.414 -0.312
v 37.100 8.704 -0.286
v 37.100 8.995 -0.272
v 37.100 9.285 -0.274
v 37.100 9.575 -0.295
v 37.100 9.865 -0.335
v 37.800 0.000 0.395
v 37.800 0.301 0.475
v 37.800 0.601 0.543
v 37.800 0.902 0.595
v 37.800 1.203 0.624
v 37.800 1.504 0.627
v 37.800 1.804 0.602
v 37.800 2.105 0.546
v 37.800 2.406 0.462
v 37.800 2.707 0.349
v 37.800 3.007 0.212
v 37.800 3.308 0.056
v 37.800 3.609 -0.115
v 37.800 3.910 -0.293
v 37.800 4.210 -0.473
v 37.800 4.511 -0.646
v 37.800 4.812 -0.808
v 37.800 5.113 -0.951
v 37.800 5.413 -1.072
v 37.800 5.714 -1.166
v 37.800 6.015 -1.232
v 37.800 6.316 -1.269
v 37.800 6.616 -1.277
v 37.800 6.917 -1.260
v 37.800 7.218 -1.221
v 37.800 7.519 -1.164
v 37.800 7.819 -1.096
v 37.800 8.120 -1.021
v 37.800 8.421 -0.947
v 37.800 8.722 -0.879
v 37.800 9.022 -0.822
v 37.800 9.323 -0.781
v 37.800 9.624 -0.758
v 37.800 9.925 -0.756
v 37.800 10.225 -0.776
v 38.500 0.000 -0.100
v 38.500 0.312 -0.058
v 38.500 0.623 -0.025
v 38.500 0.935 -0.008
v 38.500 1.247 -0.010
v 38.500 1.558 -0.036
v 38.500 1.870 -0.088
v 38.500 2.182 -0.167
v 38.500 2.493 -0.272
v 38.500 2.805 -0.399
v 38.500 3.117 -0.546
v 38.500 3.428 -0.706
v 38.500 3.740 -0.873
v 38.500 4.052 -1.040
v 38.500 4.363 -1.200
v 38.500 4.675 -1.345
v 38.500 4.987 -1.469
v 38.500 5.298 -1.567
v 38.500 5.610 -1.634
v 38.500 5.922 -1.669
v 38.500 6.233 -1.671
v 38.500 6.545 -1.641
v 38.500 6.857 -1.581
v 38.500 7.168 -1.497
v 38.500 7.480 -1.393
v 38.500 7.792 -1.278
v 38.500 8.103 -1.157
v 38.500 8.415 -1.038
v 38.500 8.727 -0.928
v 38.500 9.038 -0.835
v 38.500 9.350 -0.762
v 38.500 9.662 -0.713
v 38.500 9.973 -0.692
v 38.500 10.285 -0.698
v 38.500 10.597 -0.731
v 39.200 0.000 -0.613
v 39.200 0.322 -0.566
v 39.200 0.645 -0.522
v 39.200 0.967 -0.490
v 39.200 1.290 -0.473
v 39.200 1.612 -0.477
v 39.200 1.935 -0.505
v 39.200 2.257 -0.557
v 39.200 2.579 -0.632
v 39.200 2.902 -0.728
v 39.200 3.224 -0.840
v 39.200 3.547 -0.963
v 39.200 3.869 -1.089
v 39.200 4.192 -1.211
v 39.200 4.514 -1.323
v 39.200 4.836 -1.417
v 39.200 5.159 -1.488
v 39.200 5.481 -1.530
v 39.200 5.804 -1.542
v 39.200 6.126 -1.521
v 39.200 6.448 -1.470
v 39.200 6.771 -1.391
v 39.200 7.093 -1.289
v 39.200 7.416 -1.170
v 39.200 7.738 -1.042
v 39.200 8.061 -0.912
v 39.200 8.383 -0.788
v 39.200 8.705 -0.679
v 39.200 9.028 -0.591
v 39.200 9.350 -0.529
v 39.200 9.673 -0.499
v 39.200 9.995 -0.501
v 39.200 10.318 -0.535
v 39.200 10.640 -0.600
v 39.200 10.962 -0.692
v 39.900 0.000 -0.722
v 39.900 0.333 -0.629
v 39.900 0.665 -0.538
v 39.900 0.998 -0.458
v 39.900 1.330 -0.396
v 39.900 1.663 -0.357
v 39.900 1.995 -0.344
v 39.900 2.328 -0.360
v 39.900 2.661 -0.404
v 39.900 2.993 -0.471
v 39.900 3.326 -0.559
v 39.900 3.658 -0.660
v 39.900 3.991 -0.767
v 39.900 4.324 -0.873
v 39.900 4.656 -0.970
v 39.900 4.989 -1.050
v 39.900 5.321 -1.109
v 39.900 5.654 -1.141
v 39.900 5.986 -1.145
v 39.900 6.319 -1.120
v 39.900 6.652 -1.069
v 39.900 6.984 -0.995
v 39.900 7.317 -0.904
v 39.900 7.649 -0.803
v 39.900 7.982 -0.700
v 39.900 8.314 -0.603
v 39.900 8.647 -0.521
v 39.900 8.980 -0.460
v 39.900 9.312 -0.425
v 39.900 9.645 -0.421
v 39.900 9.977 -0.449
v 39.900 10.310 -0.509
v 39.900 10.643 -0.598
v 39.900 10.975 -0.711
v 39.900 11.308 -0.841
v 40.600 0.000 -0.364
v 40.600 0.342 -0.236
v 40.600 0.683 -0.117
v 40.600 1.025 -0.014
v 40.600 1.367 0.063
v 40.600 1.709 0.110
v 40.600 2.050 0.123
v 40.600 2.392 0.100
v 40.600 2.734 0.043
v 40.600 3.076 -0.045
v 40.600 3.417 -0.156
v 40.600 3.759 -0.285
v 40.600 4.101 -0.422
v 40.600 4.443 -0.557
v 40.600 4.784 -0.683
v 40.600 5.126 -0.791
v 40.600 5.468 -0.875
v 40.600 5.810 -0.930
v 40.600 6.151 -0.954
v 40.600 6.493 -0.948
v 40.600 6.835 -0.913
v 40.600 7.176 -0.854
v 40.600 7.518 -0.778
v 40.600 7.860 -0.692
v 40.600 8.202 -0.605
v 40.600 8.543 -0.524
v 40.600 8.885 -0.459
v 40.600 9.227 -0.413
v 40.600 9.569 -0.394
v 40.600 9.910 -0.402
v 40.600 10.252 -0.437
v 40.600 10.594 -0.498
v 40.600 10.936 -0.580
v 40.600 11.277 -0.676
v 40.600 11.619 -0.778
v 41.300 0.000 0.035
v 41.300 0.350 0.147
v 41.300 0.699 0.246
v 41.300 1.049 0.323
v 41.300 1.398 0.370
v 41.300 1.748 0.381
v 41.300 2.097 0.354
v 41.300 2.447 0.289
v 41.300 2.797 0.188
v 41.300 3.146 0.057
v 41.300 3.496 -0.096
v 41.300 3.845 -0.263
v 41.300 4.195 -0.433
v 41.300 4.544 -0.595
v 41.300 4.894 -0.739
v 41.300 5.244 -0.858
v 41.300 5.593 -0.943
v 41.300 5.943 -0.992
v 41.300 6.292 -1.001
v 41.300 6.642 -0.972
v 41.300 6.992 -0.909
v 41.300 7.341 -0.818
v 41.300 7.691 -0.706
v 41.300 8.040 -0.582
v 41.300 8.390 -0.457
v 41.300 8.739 -0.338
v 41.300 9.089 -0.234
v 41.300 9.439 -0.152
v 41.300 9.788 -0.096
v 41.300 10.138 -0.067
v 41.300 10.487 -0.065
v 41.300 10.837 -0.087
v 41.300 11.186 -0.127
v 41.300 11.536 -0.178
v 41.300 11.886 -0.231
v 42.000 0.000 0.009
v 42.000 0.356 0.087
v 42.000 0.712 0.152
v 42.000 1.068 0.197
v 42.000 1.423 0.214
v 42.000 1.779 0.199
v 42.000 2.135 0.149
v 42.000 2.491 0.066
v 42.000 2.847 -0.047
v 42.000 3.203 -0.184
v 42.000 3.559 -0.336
v 42.000 3.914 -0.493
v 42.000 4.270 -0.644
v 42.000 4.626 -0.779
v 42.000 4.982 -0.887
v 42.000 5.338 -0.960
v 42.000 5.694 -0.993
v 42.000 6.050 -0.981
v 42.000 6.405 -0.926
v 42.000 6.761 -0.829
v 42.000 7.117 -0.697
v 42.000 7.473 -0.537
v 42.000 7.829 -0.359
v 42.000 8.185 -0.174
v 42.000 8.541 0.007
v 42.000 8.896 0.174
v 42.000 9.252 0.318
v 42.000 9.608 0.433
v 42.000 9.964 0.514
v 42.000 10.320 0.561
v 42.000 10.676 0.575
v 42.000 11.031 0.560
v 42.000 11.387 0.523
v 42.000 11.743 0.472
v 42.000 12.099 0.417
v 42.700 0.000 -0.434
v 42.700 0.360 -0.354
v 42.700 0.721 -0.278
v 42.700 1.081 -0.217
v 42.700 1.442 -0.177
v 42.700 1.802 -0.165
v 42.700 2.163 -0.181
v 42.700 2.523 -0.226
v 42.700 2.883 -0.296
v 42.700 3.244 -0.385
v 42.700 3.604 -0.485
v 42.700 3.965 -0.586
v 42.700 4.325 -0.678
v 42.700 4.686 -0.750
v 42.700 5.046 -0.795
v 42.700 5.406 -0.804
v 42.700 5.767 -0.773
v 42.700 6.127 -0.700
v 42.700 6.488 -0.587
v 42.700 6.848 -0.438
v 42.700 7.209 -0.260
v 42.700 7.569 -0.062
v 42.700 7.929 0.143
v 42.700 8.290 0.346
v 42.700 8.650 0.534
v 42.700 9.011 0.697
v 42.700 9.371 0.827
v 42.700 9.732 0.918
v 42.700 10.092 0.967
v 42.700 10.452 0.975
v 42.700 10.813 0.945
v 42.700 11.173 0.882
v 42.700 11.534 0.797
v 42.700 11.894 0.698
v 42.700 12.255 0.596
v 43.400 0.000 -0.866
v 43.400 0.363 -0.731
v 43.400 0.726 -0.598
v 43.400 1.090 -0.478
v 43.400 1.453 -0.379
v 43.400 1.816 -0.306
v 43.400 2.179 -0.263
v 43.400 2.543 -0.252
v 43.400 2.906 -0.268
v 43.400 3.269 -0.307
v 43.400 3.632 -0.361
v 43.400 3.996 -0.421
v 43.400 4.359 -0.477
v 43.400 4.722 -0.519
v 43.400 5.085 -0.539
v 43.400 5.449 -0.530
v 43.400 5.812 -0.487
v 43.400 6.175 -0.409
v 43.400 6.538 -0.297
v 43.400 6.902 -0.158
v 43.400 7.265 0.004
v 43.400 7.628 0.177
v 43.400 7.991 0.351
v 43.400 8.355 0.516
v 43.400 8.718 0.660
v 43.400 9.081 0.775
v 43.400 9.444 0.853
v 43.400 9.808 0.889
v 43.400 10.171 0.883
v 43.400 10.534 0.837
v 43.400 10.897 0.756
v 43.400 11.261 0.648
v 43.400 11.624 0.522
v 43.400 11.987 0.390
v 43.400 12.350 0.264
v 44.100 0.000 -0.947
v 44.100 0.364 -0.760
v 44.100 0.729 -0.581
v 44.100 1.093 -0.419
v 44.100 1.457 -0.284
v 44.100 1.822 -0.183
v 44.100 2.186 -0.119
v 44.100 2.550 -0.094
v 44.100 2.915 -0.105
v 44.100 3.279 -0.146
v 44.100 3.644 -0.209
v 44.100 4.008 -0.284
v 44.100 4.372 -0.361
v 44.100 4.737 -0.430
v 44.100 5.101 -0.482
v 44.100 5.465 -0.508
v 44.100 5.830 -0.503
v 44.100 6.194 -0.466
v 44.100 6.558 -0.397
v 44.100 6.923 -0.300
v 44.100 7.287 -0.182
v 44.100 7.651 -0.050
v 44.100 8.016 0.085
v 44.100 8.380 0.212
v 44.100 8.745 0.323
v 44.100 9.109 0.408
v 44.100 9.473 0.461
v 44.100 9.838 0.479
v 44.100 10.202 0.460
v 44.100 10.566 0.407
v 44.100 10.931 0.326
v 44.100 11.295 0.225
v 44.100 11.659 0.114
v 44.100 12.024 0.003
v 44.100 12.388 -0.096
v 44.800 0.000 -0.785
v 44.800 0.364 -0.600
v 44.800 0.728 -0.428
v 44.800 1.092 -0.282
v 44.800 1.456 -0.168
v 44.800 1.820 -0.094
v 44.800 2.183 -0.062
v 44.800 2.547 -0.073
v 44.800 2.911 -0.122
v 44.800 3.275 -0.204
v 44.800 3.639 -0.309
v 44.800 4.003 -0.427
v 44.800 4.367 -0.546
v 44.800 4.731 -0.655
v 44.800 5.095 -0.744
v 44.800 5.459 -0.805
v 44.800 5.823 -0.830
v 44.800 6.186 -0.818
v 44.800 6.550 -0.769
v 44.800 6.914 -0.686
v 44.800 7.278 -0.574
v 44.800 7.642 -0.443
v 44.800 8.006 -0.302
v 44.800 8.370 -0.162
v 44.800 8.734 -0.032
v 44.800 9.098 0.078
v 44.800 9.462 0.161
v 44.800 9.826 0.213
v 44.800 10.189 0.232
v 44.800 10.553 0.220
v 44.800 10.917 0.181
v 44.800 11.281 0.123
v 44.800 11.645 0.053
v 44.800 12.009 -0.018
v 44.800 12.373 -0.080
v 45.500 0.000 -0.699
v 45.500 0.362 -0.554
v 45.500 0.724 -0.424
v 45.500 1.086 -0.318
v 45.500 1.449 -0.244
v 45.500 1.811 -0.207
v 45.500 2.173 -0.210
v 45.500 2.535 -0.250
v 45.500 2.897 -0.325
v 45.500 3.259 -0.426
v 45.500 3.621 -0.546
v 45.500 3.983 -0.673
v 45.500 4.346 -0.796
v 45.500 4.708 -0.903
v 45.500 5.070 -0.984
v 45.500 5.432 -1.032
v 45.500 5.794 -1.039
v 45.500 6.156 -1.004
v 45.500 6.518 -0.927
v 45.500 6.881 -0.811
v 45.500 7.243 -0.664
v 45.500 7.605 -0.493
v 45.500 7.967 -0.311
v 45.500 8.329 -0.127
v 45.500 8.691 0.046
v 45.500 9.053 0.200
v 45.500 9.415 0.325
v 45.500 9.778 0.417
v 45.500 10.140 0.472
v 45.500 10.502 0.491
v 45.500 10.864 0.476
v 45.500 11.226 0.435
v 45.500 11.588 0.374
v 45.500 11.950 0.304
v 45.500 12.313 0.234
v 46.200 0.000 -0.735
v 46.200 0.359 -0.610
v 46.200 0.719 -0.494
v 46.200 1.078 -0.395
v 46.200 1.437 -0.321
v 46.200 1.797 -0.278
v 46.200 2.156 -0.266
v 46.200 2.515 -0.287
v 46.200 2.875 -0.335
v 46.200 3.234 -0.406
v 46.200 3.593 -0.490
v 46.200 3.953 -0.578
v 46.200 4.312 -0.660
v 46.200 4.671 -0.725
v 46.200 5.031 -0.765
v 46.200 5.390 -0.771
v 46.200 5.749 -0.738
v 46.200 6.109 -0.666
v 46.200 6.468 -0.555
v 46.200 6.827 -0.408
v 46.200 7.187 -0.234
v 46.200 7.546 -0.040
v 46.200 7.905 0.161
v 46.200 8.265 0.360
v 46.200 8.624 0.543
v 46.200 8.983 0.702
v 46.200 9.343 0.827
v 46.200 9.702 0.912
v 46.200 10.061 0.954
v 46.200 10.421 0.953
v 46.200 10.780 0.912
v 46.200 11.139 0.836
v 46.200 11.499 0.734
v 46.200 11.858 0.616
v 46.200 12.217 0.491
v 46.900 0.000 -0.578
v 46.900 0.356 -0.422
v 46.900 0.712 -0.270
v 46.900 1.068 -0.131
v 46.900 1.424 -0.015
v 46.900 1.779 0.075
v 46.900 2.135 0.134
v 46.900 2.491 0.162
v 46.900 2.847 0.162
v 46.900 3.203 0.137
v 46.900 3.559 0.096
v 46.900 3.915 0.046
v 46.900 4.271 -0.003
v 46.900 4.626 -0.042
v 46.900 4.982 -0.062
v 46.900 5.338 -0.057
v 46.900 5.694 -0.022
v 46.900 6.050 0.045
v 46.900 6.406 0.144
v 46.900 6.762 0.271
v 46.900 7.118 0.420
v 46.900 7.473 0.582
v 46.900 7.829 0.748
v 46.900 8.185 0.907
v 46.900 8.541 1.049
v 46.900 8.897 1.164
v 46.900 9.253 1.243
v 46.900 9.609 1.282
v 46.900 9.965 1.277
v 46.900 10.320 1.228
v 46.900 10.676 1.139
v 46.900 11.032 1.015
v 46.900 11.388 0.864
v 46.900 11.744 0.697
v 46.900 12.100 0.525
v 47.600 0.000 0.023
v 47.600 0.352 0.222
v 47.600 0.704 0.414
v 47.600 1.056 0.589
v 47.600 1.409 0.739
v 47.600 1.761 0.857
v 47.600 2.113 0.939
v 47.600 2.465 0.985
v 47.600 2.817 0.995
v 47.600 3.169 0.975
v 47.600 3.522 0.930
v 47.600 3.874 0.868
v 47.600 4.226 0.800
v 47.600 4.578 0.733
v 47.600 4.930 0.677
v 47.600 5.282 0.639
v 47.600 5.634 0.625
v 47.600 5.987 0.638
v 47.600 6.339 0.678
v 47.600 6.691 0.744
v 47.600 7.043 0.830
v 47.600 7.395 0.931
v 47.600 7.747 1.037
v 47.600 8.100 1.140
v 47.600 8.452 1.230
v 47.600 8.804 1.299
v 47.600 9.156 1.338
v 47.600 9.508 1.344
v 47.600 9.860 1.312
v 47.600 10.212 1.243
v 47.600 10.565 1.139
v 47.600 10.917 1.005
v 47.600 11.269 0.849
v 47.600 11.621 0.680
v 47.600 11.973 0.509
v 48.300 0.000 0.842
v 48.300 0.349 1.039
v 48.300 0.697 1.223
v 48.300 1.046 1.383
v 48.300 1.394 1.511
v 48.300 1.743 1.603
v 48.300 2.091 1.653
v 48.300 2.440 1.662
v 48.300 2.789 1.631
v 48.300 3.137 1.565
v 48.300 3.486 1.471
v 48.300 3.834 1.357
v 48.300 4.183 1.234
v 48.300 4.532 1.110
v 48.300 4.880 0.997
v 48.300 5.229 0.901
v 48.300 5.577 0.830
v 48.300 5.926 0.788
v 48.300 6.274 0.776
v 48.300 6.623 0.794
v 48.300 6.972 0.839
v 48.300 7.320 0.904
v 48.300 7.669 0.983
v 48.300 8.017 1.067
v 48.300 8.366 1.146
v 48.300 8.715 1.214
v 48.300 9.063 1.261
v 48.300 9.412 1.282
v 48.300 9.760 1.273
v 48.300 10.109 1.233
v 48.300 10.457 1.162
v 48.300 10.806 1.065
v 48.300 11.155 0.948
v 48.300 11.503 0.817
v 48.300 11.852 0.683
v 49.000 0.000 1.339
v 49.000 0.346 1.487
v 49.000 0.691 1.618
v 49.000 1.037 1.724
v 49.000 1.382 1.798
v 49.000 1.728 1.835
v 49.000 2.073 1.833
v 49.000 2.419 1.791
v 49.000 2.765 1.711
v 49.000 3.110 1.601
v 49.000 3.456 1.466
v 49.000 3.801 1.315
v 49.000 4.147 1.159
v 49.000 4.492 1.008
v 49.000 4.838 0.871
v 49.000 5.184 0.757
v 49.000 5.529 0.672
v 49.000 5.875 0.622
v 49.000 6.220 0.608
v 49.000 6.566 0.630
v 49.000 6.911 0.684
v 49.000 7.257 0.764
v 49.000 7.603 0.864
v 49.000 7.948 0.974
v 49.000 8.294 1.086
v 49.000 8.639 1.189
v 49.000 8.985 1.276
v 49.000 9.330 1.339
v 49.000 9.676 1.373
v 49.000 10.022 1.376
v 49.000 10.367 1.346
v 49.000 10.713 1.287
v 49.000 11.058 1.203
v 49.000 11.404 1.100
v 49.000 11.749 0.987
f 1 36 37
f 1 37 2
f 2 37 38
f 2 38 3
f 3 38 39
f 3 39 4
f 4 39 40
f 4 40 5
f 5 40 41
f 5 41 6
f 6 41 42
f 6 42 7
f 7 42 43
f 7 43 8
f 8 43 44
f 8 44 9
f 9 44 45
f 9 45 10
f 10 45 46
f 10 46 11
f 11 46 47
f 11 47 12
f 12 47 48
f 12 48 13
f 13 48 49
f 13 49 14
f 14 49 50
f 14 50 15
f 15 50 51
f 15 51 16
f 16 51 52
f 16 52 17
f 17 52 53
f 17 53 18
f 18 53 54
f 18 54 19
f 19 54 55
f 19 55 20
f 20 55 56
f 20 56 21
f 21 56 57
f 21 57 22
f 22 57 58
f 22 58 23
f 23 58 59
f 23 59 24
f 24 59 60
f 24 60 25
f 25 60 61
f 25 61 26
f 26 61 62
f 26 62 27
f 27 62 63
f 27 63 28
f 28 63 64
f 28 64 29
f 29 64 65
f 29 65 30
f 30 65 66
f 30 66 31
f 31 66 67
f 31 67 32
f 32 67 68
f 32 68 33
f 33 68 69
f 33 69 34
f 34 69 70
f 34 70 35
f 36 71 72
f 36 72 37
f 37 72 73
f 37 73 38
f 38 73 74
f 38 74 39
f 39 74 75
f 39 75 40
f 40 75 76
f 40 76 41
f 41 76 77
f 41 77 42
f 42 77 78
f 42 78 43
f 43 78 79
f 43 79 44
f 44 79 80
f 44 80 45
f 45 80 81
f 45 81 46
f 46 81 82
f 46 82 47
f 47 82 83
f 47 83 48
f 48 83 84
f 48 84 49
f 49 84 85
f 49 85 50
f 50 85 86
f 50 86 51
f 51 86 87
f 51 87 52
f 52 87 88
f 52 88 53
f 53 88 89
f 53 89 54
f 54 89 90
f 54 90 55
f 55 90 91
f 55 91 56
f 56 91 92
f 56 92 57
f 57 92 93
f 57 93 58
f 58 93 94
f 58 94 59
f 59 94 95
f 59 95 60
f 60 95 96
f 60 96 61
f 61 96 97
f 61 97 62
f 62 97 98
f 62 98 63
f 63 98 99
f 63 99 64
f 64 99 100
f 64 100 65
f 65 100 101
f 65 101 66
f 66 101 102
f 66 102 67
f 67 102 103
f 67 103 68
f 68 103 104
f 68 104 69
f 69 104 105
f 69 105 70
f 71 106 107
f 71 107 72
f 72 107 108
f 72 108 73
f 73 108 109
f 73 109 74
f 74 109 110
f 74 110 75
f 75 110 111
f 75 111 76
f 76 111 112
f 76 112 77
f 77 112 113
f 77 113 78
f 78 113 114
f 78 114 79
f 79 114 115
f 79 115 80
f 80 115 116
f 80 116 81
f 81 116 117
f 81 117 82
f 82 117 118
f 82 118 83
f 83 118 119
f 83 119 84
f 84 119 120
f 84 120 85
f 85 120 121
f 85 121 86
f 86 121 122
f 86 122 87
f 87 122 123
f 87 123 88
f 88 123 124
f 88 124 89
f 89 124 125
f 89 125 90
f 90 125 126
f 90 126 91
f 91 126 127
f 91 127 92
f 92 127 128
f 92 128 93
f 93 128 129
f 93 129 94
f 94 129 130
f 94 130 95
f 95 130 131
f 95 131 96
f 96 131 132
f 96 132 97
f 97 132 133
f 97 133 98
f 98 133 134
f 98 134 99
f 99 134 135
f 99 135 100
f 100 135 136
f 100 136 101
f 101 136 137
f 101 137 102
f 102 137 138
f 102 138 103
f 103 138 139
f 103 139 104
f 104 139 140
f 104 140 105
f 106 141 142
f 106 142 107
f 107 142 143
f 107 143 108
f 108 143 144
f 108 144 109
f 109 144 145
f 109 145 110
f 110 145 146
f 110 146 111
f 111 146 147
f 111 147 112
f 112 147 148
f 112 148 113
f 113 148 149
f 113 149 114
f 114 149 150
f 114 150 115
f 115 150 151
f 115 151 116
f 116 151 152
f 116 152 117
f 117 152 153
f 117 153 118
f 118 153 154
f 118 154 119
f 119 154 155
f 119 155 120
f 120 155 156
f 120 156 121
f 121 156 157
f 121 157 122
f 122 157 158
f 122 158 123
f 123 158 159
f 123 159 124
f 124 159 160
f 124 160 125
f 125 160 161
f 125 161 126
f 126 161 162
f 126 162 127
f 127 162 163
f 127 163 128
f 128 163 164
f 128 164 129
f 129 164 165
f 129 165 130
f 130 165 166
f 130 166 131
f 131 166 167
f 131 167 132
f 132 167 168
f 132 168 133
f 133 168 169
f 133 169 134
f 134 169 170
f 134 170 135
f 135 170 171
f 135 171 136
f 136 171 172
f 136 172 137
f 137 172 173
f 137 173 138
f 138 173 174
f 138 174 139
f 139 174 175
f 139 175 140
f 141 176 177
f 141 177 142
f 142 177 178
f 142 178 143
f 143 178 179
f 143 179 144
f 144 179 180
f 144 180 145
f 145 180 181
f 145 181 146
f 146 181 182
f 146 182 147
f 147 182 183
f 147 183 148
f 148 183 184
f 148 184 149
f 149 184 185
f 149 185 150
f 150 185 186
f 150 186 151
f 151 186 187
f 151 187 152
f 152 187 188
f 152 188 153
f 153 188 189
f 153 189 154
f 154 189 190
f 154 190 155
f 155 190 191
f 155 191 156
f 156 191 192
f 156 192 157
f 157 192 193
f 157 193 158
f 158 193 194
f 158 194 159
f 159 194 195
f 159 195 160
f 160 195 196
f 160 196 161
f 161 196 197
f 161 197 162
f 162 197 198
f 162 198 163
f 163 198 199
f 163 199 164
f 164 199 200
f 164 200 165
f 165 200 201
f 165 201 166
f 166 201 202
f 166 202 167
f 167 202 203
f 167 203 168
f 168 203 204
f 168 204 169
f 169 204 205
f 169 205 170
f 170 205 206
f 170 206 171
f 171 206 207
f 171 207 172
f 172 207 208
f 172 208 173
f 173 208 209
f 173 209 174
f 174 209 210
f 174 210 175
f 176 211 212
f 176 212 177
f 177 212 213
f 177 213 178
f 178 213 214
f 178 214 179
f 179 214 215
f 179 215 180
f 180 215 216
f 180 216 181
f 181 216 217
f 181 217 182
f 182 217 218
f 182 218 183
f 183 218 219
f 183 219 184
f 184 219 220
f 184 220 185
f 185 220 221
f 185 221 186
f 186 221 222
f 186 222 187
f 187 222 223
f 187 223 188
f 188 223 224
f 188 224 189
f 189 224 225
f 189 225 190
f 190 225 226
f 190 226 191
f 191 226 227
f 191 227 192
f 192 227 228
f 192 228 193
f 193 228 229
f 193 229 194
f 194 229 230
f 194 230 195
f 195 230 231
f 195 231 196
f 196 231 232
f 196 232 197
f 197 232 233
f 197 233 198
f 198 233 234
f 198 234 199
f 199 234 235
f 199 235 200
f 200 235 236
f 200 236 201
f 201 236 237
f 201 237 202
f 202 237 238
f 202 238 203
f 203 238 239
f 203 239 204
f 204 239 240
f 204 240 205
f 205 240 241
f 205 241 206
f 206 241 242
f 206 242 207
f 207 242 243
f 207 243 208
f 208 243 244
f 208 244 209
f 209 244 245
f 209 245 210
f 211 246 247
f 211 247 212
f 212 247 248
f 212 248 213
f 213 248 249
f 213 249 214
f 214 249 250
f 214 250 215
f 215 250 251
f 215 251 216
f 216 251 252
f 216 252 217
f 217 252 253
f 217 253 218
f 218 253 254
f 218 254 219
f 219 254 255
f 219 255 220
f 220 255 256
f 220 256 221
f 221 256 257
f 221 257 222
f 222 257 258
f 222 258 223
f 223 258 259
f 223 259 224
f 224 259 260
f 224 260 225
f 225 260 261
f 225 261 226
f 226 261 262
f 226 262 227
f 227 262 263
f 227 263 228
f 228 263 264
f 228 264 229
f 229 264 265
f 229 265 230
f 230 265 266
f 230 266 231
f 231 266 267
f 231 267 232
f 232 267 268
f 232 268 233
f 233 268 269
f 233 269 234
f 234 269 270
f 234 270 235
f 235 270 271
f 235 271 236
f 236 271 272
f 236 272 237
f 237 272 273
f 237 273 238
f 238 273 274
f 238 274 239
f 239 274 275
f 239 275 240
f 240 275 276
f 240 276 241
f 241 276 277
f 241 277 242
f 242 277 278
f 242 278 243
f 243 278 279
f 243 279 244
f 244 279 280
f 244 280 245
f 246 281 282
f 246 282 247
f 247 282 283
f 247 283 248
f 248 283 284
f 248 284 249
f 249 284 285
f 249 285 250
f 250 285 286
f 250 286 251
f 251 286 287
f 251 287 252
f 252 287 288
f 252 288 253
f 253 288 289
f 253 289 254
f 254 289 290
f 254 290 255
f 255 290 291
f 255 291 256
f 256 291 292
f 256 292 257
f 257 292 293
f 257 293 258
f 258 293 294
f 258 294 259
f 259 294 295
f 259 295 260
f 260 295 296
f 260 296 261
f 261 296 297
f 261 297 262
f 262 297 298
f 262 298 263
f 263 298 299
f 263 299 264
f 264 299 300
f 264 300 265
f 265 300 301
f 265 301 266
f 266 301 302
f 266 302 267
f 267 302 303
f 267 303 268
f 268 303 304
f 268 304 269
f 269 304 305
f 269 305 270
f 270 305 306
f 270 306 271
f 271 306 307
f 271 307 272
f 272 307 308
f 272 308 273
f 273 308 309
f 273 309 274
f 274 309 310
f 274 310 275
f 275 310 311
f 275 311 276
f 276 311 312
f 276 312 277
f 277 312 313
f 277 313 278
f 278 313 314
f 278 314 279
f 279 314 315
f 279 315 280
f 281 316 317
f 281 317 282
f 282 317 318
f 282 318 283
f 283 318 319
f 283 319 284
f 284 319 320
f 284 320 285
f 285 320 321
f 285 321 286
f 286 321 322
f 286 322 287
f 287 322 323
f 287 323 288
f 288 323 324
f 288 324 289
f 289 324 325
f 289 325 290
f 290 325 326
f 290 326 291
f 291 326 327
f 291 327 292
f 292 327 328
f 292 328 293
f 293 328 329
f 293 329 294
f 294 329 330
f 294 330 295
f 295 330 331
f 295 331 296
f 296 331 332
f 296 332 297
f 297 332 333
f 297 333 298
f 298 333 334
f 298 334 299
f 299 334 335
f 299 335 300
f 300 335 336
f 300 336 301
f 301 336 337
f 301 337 302
f 302 337 338
f 302 338 303
f 303 338 339
f 303 339 304
f 304 339 340
f 304 340 305
f 305 340 341
f 305 341 306
f 306 341 342
f 306 342 307
f 307 342 343
f 307 343 308
f 308 343 344
f 308 344 309
f 309 344 345
f 309 345 310
f 310 345 346
f 310 346 311
f 311 346 347
f 311 347 312
f 312 347 348
f 312 348 313
f 313 348 349
f 313 349 314
f 314 349 350
f 314 350 315
f 316 351 352
f 316 352 317
f 317 352 353
f 317 353 318
f 318 353 354
f 318 354 319
f 319 354 355
f 319 355 320
f 320 355 356
f 320 356 321
f 321 356 357
f 321 357 322
f 322 357 358
f 322 358 323
f 323 358 359
f 323 359 324
f 324 359 360
f 324 360 325
f 325 360 361
f 325 361 326
f 326 361 362
f 326 362 327
f 327 362 363
f 327 363 328
f 328 363 364
f 328 364 329
f 329 364 365
f 329 365 330
f 330 365 366
f 330 366 331
f 331 366 367
f 331 367 332
f 332 367 368
f 332 368 333
f 333 368 369
f 333 369 334
f 334 369 370
f 334 370 335
f 335 370 371
f 335 371 336
f 336 371 372
f 336 372 337
f 337 372 373
f 337 373 338
f 338 373 374
f 338 374 339
f 339 374 375
f 339 375 340
f 340 375 376
f 340 376 341
f 341 376 377
f 341 377 342
f 342 377 378
f 342 378 343
f 343 378 379
f 343 379 344
f 344 379 380
f 344 380 345
f 345 380 381
f 345 381 346
f 346 381 382
f 346 382 347
f 347 382 383
f 347 383 348
f 348 383 384
f 348 384 349
f 349 384 385
f 349 385 350
f 351 386 387
f 351 387 352
f 352 387 388
f 352 388 353
f 353 388 389
f 353 389 354
f 354 389 390
f 354 390 355
f 355 390 391
f 355 391 356
f 356 391 392
f 356 392 357
f 357 392 393
f 357 393 358
f 358 393 394
f 358 394 359
f 359 394 395
f 359 395 360
f 360 395 396
f 360 396 361
f 361 396 397
f 361 397 362
f 362 397 398
f 362 398 363
f 363 398 399
f 363 399 364
f 364 399 400
f 364 400 365
f 365 400 401
f 365 401 366
f 366 401 402
f 366 402 367
f 367 402 403
f 367 403 368
f 368 403 404
f 368 404 369
f 369 404 405
f 369 405 370
f 370 405 406
f 370 406 371
f 371 406 407
f 371 407 372
f 372 407 408
f 372 408 373
f 373 408 409
f 373 409 374
f 374 409 410
f 374 410 375
f 375 410 411
f 375 411 376
f 376 411 412
f 376 412 377
f 377 412 413
f 377 413 378
f 378 413 414
f 378 414 379
f 379 414 415
f 379 415 380
f 380 415 416
f 380 416 381
f 381 416 417
f 381 417 382
f 382 417 418
f 382 418 383
f 383 418 419
f 383 419 384
f 384 419 420
f 384 420 385
f 386 421 422
f 386 422 387
f 387 422 423
f 387 423 388
f 388 423 424
f 388 424 389
f 389 424 425
f 389 425 390
f 390 425 426
f 390 426 391
f 391 426 427
f 391 427 392
f 392 427 428
f 392 428 393
f 393 428 429
f 393 429 394
f 394 429 430
f 394 430 395
f 395 430 431
f 395 431 396
f 396 431 432
f 396 432 397
f 397 432 433
f 397 433 398
f 398 433 434
f 398 434 399
f 399 434 435
f 399 435 400
f 400 435 436
f 400 436 401
f 401 436 437
f 401 437 402
f 402 437 438
f 402 438 403
f 403 438 439
f 403 439 404
f 404 439 440
f 404 440 405
f 405 440 441
f 405 441 406
f 406 441 442
f 406 442 407
f 407 442 443
f 407 443 408
f 408 443 444
f 408 444 409
f 409 444 445
f 409 445 410
f 410 445 446
f 410 446 411
f 411 446 447
f 411 447 412
f 412 447 448
f 412 448 413
f 413 448 449
f 413 449 414
f 414 449 450
f 414 450 415
f 415 450 451
f 415 451 416
f 416 451 452
f 416 452 417
f 417 452 453
f 417 453 418
f 418 453 454
f 418 454 419
f 419 454 455
f 419 455 420
f 421 456 457
f 421 457 422
f 422 457 458
f 422 458 423
f 423 458 459
f 423 459 424
f 424 459 460
f 424 460 425
f 425 460 461
f 425 461 426
f 426 461 462
f 426 462 427
f 427 462 463
f 427 463 428
f 428 463 464
f 428 464 429
f 429 464 465
f 429 465 430
f 430 465 466
f 430 466 431
f 431 466 467
f 431 467 432
f 432 467 468
f 432 468 433
f 433 468 469
f 433 469 434
f 434 469 470
f 434 470 435
f 435 470 471
f 435 471 436
f 436 471 472
f 436 472 437
f 437 472 473
f 437 473 438
f 438 473 474
f 438 474 439
f 439 474 475
f 439 475 440
f 440 475 476
f 440 476 441
f 441 476 477
f 441 477 442
f 442 477 478
f 442 478 443
f 443 478 479
f 443 479 444
f 444 479 480
f 444 480 445
f 445 480 481
f 445 481 446
f 446 481 482
f 446 482 447
f 447 482 483
f 447 483 448
f 448 483 484
f 448 484 449
f 449 484 485
f 449 485 450
f 450 485 486
f 450 486 451
f 451 486 487
f 451 487 452
f 452 487 488
f 452 488 453
f 453 488 489
f 453 489 454
f 454 489 490
f 454 490 455
f 456 491 492
f 456 492 457
f 457 492 493
f 457 493 458
f 458 493 494
f 458 494 459
f 459 494 495
f 459 495 460
f 460 495 496
f 460 496 461
f 461 496 497
f 461 497 462
f 462 497 498
f 462 498 463
f 463 498 499
f 463 499 464
f 464 499 500
f 464 500 465
f 465 500 501
f 465 501 466
f 466 501 502
f 466 502 467
f 467 502 503
f 467 503 468
f 468 503 504
f 468 504 469
f 469 504 505
f 469 505 470
f 470 505 506
f 470 506 471
f 471 506 507
f 471 507 472
f 472 507 508
f 472 508 473
f 473 508 509
f 473 509 474
f 474 509 510
f 474 510 475
f 475 510 511
f 475 511 476
f 476 511 512
f 476 512 477
f 477 512 513
f 477 513 478
f 478 513 514
f 478 514 479
f 479 514 515
f 479 515 480
f 480 515 516
f 480 516 481
f 481 516 517
f 481 517 482
f 482 517 518
f 482 518 483
f 483 518 519
f 483 519 484
f 484 519 520
f 484 520 485
f 485 520 521
f 485 521 486
f 486 521 522
f 486 522 487
f 487 522 523
f 487 523 488
f 488 523 524
f 488 524 489
f 489 524 525
f 489 525 490
f 491 526 527
f 491 527 492
f 492 527 528
f 492 528 493
f 493 528 529
f 493 529 494
f 494 529 530
f 494 530 495
f 495 530 531
f 495 531 496
f 496 531 532
f 496 532 497
f 497 532 533
f 497 533 498
f 498 533 534
f 498 534 499
f 499 534 535
f 499 535 500
f 500 535 536
f 500 536 501
f 501 536 537
f 501 537 502
f 502 537 538
f 502 538 503
f 503 538 539
f 503 539 504
f 504 539 540
f 504 540 505
f 505 540 541
f 505 541 506
f 506 541 542
f 506 542 507
f 507 542 543
f 507 543 508
f 508 543 544
f 508 544 509
f 509 544 545
f 509 545 510
f 510 545 546
f 510 546 511
f 511 546 547
f 511 547 512
f 512 547 548
f 512 548 513
f 513 548 549
f 513 549 514
f 514 549 550
f 514 550 515
f 515 550 551
f 515 551 516
f 516 551 552
f 516 552 517
f 517 552 553
f 517 553 518
f 518 553 554
f 518 554 519
f 519 554 555
f 519 555 520
f 520 555 556
f 520 556 521
f 521 556 557
f 521 557 522
f 522 557 558
f 522 558 523
f 523 558 559
f 523 559 524
f 524 559 560
f 524 560 525
f 526 561 562
f 526 562 527
f 527 562 563
f 527 563 528
f 528 563 564
f 528 564 529
f 529 564 565
f 529 565 530
f 530 565 566
f 530 566 531
f 531 566 567
f 531 567 532
f 532 567 568
f 532 568 533
f 533 568 569
f 533 569 534
f 534 569 570
f 534 570 535
f 535 570 571
f 535 571 536
f 536 571 572
f 536 572 537
f 537 572 573
f 537 573 538
f 538 573 574
f 538 574 539
f 539 574 575
f 539 575 540
f 540 575 576
f 540 576 541
f 541 576 577
f 541 577 542
f 542 577 578
f 542 578 543
f 543 578 579
f 543 579 544
f 544 579 580
f 544 580 545
f 545 580 581
f 545 581 546
f 546 581 582
f 546 582 547
f 547 582 583
f 547 583 548
f 548 583 584
f 548 584 549
f 549 584 585
f 549 585 550
f 550 585 586
f 550 586 551
f 551 586 587
f 551 587 552
f 552 587 588
f 552 588 553
f 553 588 589
f 553 589 554
f 554 589 590
f 554 590 555
f 555 590 591
f 555 591 556
f 556 591 592
f 556 592 557
f 557 592 593
f 557 593 558
f 558 593 594
f 558 594 559
f 559 594 595
f 559 595 560
f 561 596 597
f 561 597 562
f 562 597 598
f 562 598 563
f 563 598 599
f 563 599 564
f 564 599 600
f 564 600 565
f 565 600 601
f 565 601 566
f 566 601 602
f 566 602 567
f 567 602 603
f 567 603 568
f 568 603 604
f 568 604 569
f 569 604 605
f 569 605 570
f 570 605 606
f 570 606 571
f 571 606 607
f 571 607 572
f 572 607 608
f 572 608 573
f 573 608 609
f 573 609 574
f 574 609 610
f 574 610 575
f 575 610 611
f 575 611 576
f 576 611 612
f 576 612 577
f 577 612 613
f 577 613 578
f 578 613 614
f 578 614 579
f 579 614 615
f 579 615 580
f 580 615 616
f 580 616 581
f 581 616 617
f 581 617 582
f 582 617 618
f 582 618 583
f 583 618 619
f 583 619 584
f 584 619 620
f 584 620 585
f 585 620 621
f 585 621 586
f 586 621 622
f 586 622 587
f 587 622 623
f 587 623 588
f 588 623 624
f 588 624 589
f 589 624 625
f 589 625 590
f 590 625 626
f 590 626 591
f 591 626 627
f 591 627 592
f 592 627 628
f 592 628 593
f 593 628 629
f 593 629 594
f 594 629 630
f 594 630 595
f 596 631 632
f 596 632 597
f 597 632 633
f 597 633 598
f 598 633 634
f 598 634 599
f 599 634 635
f 599 635 600
f 600 635 636
f 600 636 601
f 601 636 637
f 601 637 602
f 602 637 638
f 602 638 603
f 603 638 639
f 603 639 604
f 604 639 640
f 604 640 605
f 605 640 641
f 605 641 606
f 606 641 642
f 606 642 607
f 607 642 643
f 607 643 608
f 608 643 644
f 608 644 609
f 609 644 645
f 609 645 610
f 610 645 646
f 610 646 611
f 611 646 647
f 611 647 612
f 612 647 648
f 612 648 613
f 613 648 649
f 613 649 614
f 614 649 650
f 614 650 615
f 615 650 651
f 615 651 616
f 616 651 652
f 616 652 617
f 617 652 653
f 617 653 618
f 618 653 654
f 618 654 619
f 619 654 655
f 619 655 620
f 620 655 656
f 620 656 621
f 621 656 657
f 621 657 622
f 622 657 658
f 622 658 623
f 623 658 659
f 623 659 624
f 624 659 660
f 624 660 625
f 625 660 661
f 625 661 626
f 626 661 662
f 626 662 627
f 627 662 663
f 627 663 628
f 628 663 664
f 628 664 629
f 629 664 665
f 629 665 630
f 631 666 667
f 631 667 632
f 632 667 668
f 632 668 633
f 633 668 669
f 633 669 634
f 634 669 670
f 634 670 635
f 635 670 671
f 635 671 636
f 636 671 672
f 636 672 637
f 637 672 673
f 637 673 638
f 638 673 674
f 638 674 639
f 639 674 675
f 639 675 640
f 640 675 676
f 640 676 641
f 641 676 677
f 641 677 642
f 642 677 678
f 642 678 643
f 643 678 679
f 643 679 644
f 644 679 680
f 644 680 645
f 645 680 681
f 645 681 646
f 646 681 682
f 646 682 647
f 647 682 683
f 647 683 648
f 648 683 684
f 648 684 649
f 649 684 685
f 649 685 650
f 650 685 686
f 650 686 651
f 651 686 687
f 651 687 652
f 652 687 688
f 652 688 653
f 653 688 689
f 653 689 654
f 654 689 690
f 654 690 655
f 655 690 691
f 655 691 656
f 656 691 692
f 656 692 657
f 657 692 693
f 657 693 658
f 658 693 694
f 658 694 659
f 659 694 695
f 659 695 660
f 660 695 696
f 660 696 661
f 661 696 697
f 661 697 662
f 662 697 698
f 662 698 663
f 663 698 699
f 663 699 664
f 664 699 700
f 664 700 665
f 666 701 702
f 666 702 667
f 667 702 703
f 667 703 668
f 668 703 704
f 668 704 669
f 669 704 705
f 669 705 670
f 670 705 706
f 670 706 671
f 671 706 707
f 671 707 672
f 672 707 708
f 672 708 673
f 673 708 709
f 673 709 674
f 674 709 710
f 674 710 675
f 675 710 711
f 675 711 676
f 676 711 712
f 676 712 677
f 677 712 713
f 677 713 678
f 678 713 714
f 678 714 679
f 679 714 715
f 679 715 680
f 680 715 716
f 680 716 681
f 681 716 717
f 681 717 682
f 682 717 718
f 682 718 683
f 683 718 719
f 683 719 684
f 684 719 720
f 684 720 685
f 685 720 721
f 685 721 686
f 686 721 722
f 686 722 687
f 687 722 723
f 687 723 688
f 688 723 724
f 688 724 689
f 689 724 725
f 689 725 690
f 690 725 726
f 690 726 691
f 691 726 727
f 691 727 692
f 692 727 728
f 692 728 693
f 693 728 729
f 693 729 694
f 694 729 730
f 694 730 695
f 695 730 731
f 695 731 696
f 696 731 732
f 696 732 697
f 697 732 733
f 697 733 698
f 698 733 734
f 698 734 699
f 699 734 735
f 699 735 700
f 701 736 737
f 701 737 702
f 702 737 738
f 702 738 703
f 703 738 739
f 703 739 704
f 704 739 740
f 704 740 705
f 705 740 741
f 705 741 706
f 706 741 742
f 706 742 707
f 707 742 743
f 707 743 708
f 708 743 744
f 708 744 709
f 709 744 745
f 709 745 710
f 710 745 746
f 710 746 711
f 711 746 747
f 711 747 712
f 712 747 748
f 712 748 713
f 713 748 749
f 713 749 714
f 714 749 750
f 714 750 715
f 715 750 751
f 715 751 716
f 716 751 752
f 716 752 717
f 717 752 753
f 717 753 718
f 718 753 754
f 718 754 719
f 719 754 755
f 719 755 720
f 720 755 756
f 720 756 721
f 721 756 757
f 721 757 722
f 722 757 758
f 722 758 723
f 723 758 759
f 723 759 724
f 724 759 760
f 724 760 725
f 725 760 761
f 725 761 726
f 726 761 762
f 726 762 727
f 727 762 763
f 727 763 728
f 728 763 764
f 728 764 729
f 729 764 765
f 729 765 730
f 730 765 766
f 730 766 731
f 731 766 767
f 731 767 732
f 732 767 768
f 732 768 733
f 733 768 769
f 733 769 734
f 734 769 770
f 734 770 735
f 736 771 772
f 736 772 737
f 737 772 773
f 737 773 738
f 738 773 774
f 738 774 739
f 739 774 775
f 739 775 740
f 740 775 776
f 740 776 741
f 741 776 777
f 741 777 742
f 742 777 778
f 742 778 743
f 743 778 779
f 743 779 744
f 744 779 780
f 744 780 745
f 745 780 781
f 745 781 746
f 746 781 782
f 746 782 747
f 747 782 783
f 747 783 748
f 748 783 784
f 748 784 749
f 749 784 785
f 749 785 750
f 750 785 786
f 750 786 751
f 751 786 787
f 751 787 752
f 752 787 788
f 752 788 753
f 753 788 789
f 753 789 754
f 754 789 790
f 754 790 755
f 755 790 791
f 755 791 756
f 756 791 792
f 756 792 757
f 757 792 793
f 757 793 758
f 758 793 794
f 758 794 759
f 759 794 795
f 759 795 760
f 760 795 796
f 760 796 761
f 761 796 797
f 761 797 762
f 762 797 798
f 762 798 763
f 763 798 799
f 763 799 764
f 764 799 800
f 764 800 765
f 765 800 801
f 765 801 766
f 766 801 802
f 766 802 767
f 767 802 803
f 767 803 768
f 768 803 804
f 768 804 769
f 769 804 805
f 769 805 770
f 771 806 807
f 771 807 772
f 772 807 808
f 772 808 773
f 773 808 809
f 773 809 774
f 774 809 810
f 774 810 775
f 775 810 811
f 775 811 776
f 776 811 812
f 776 812 777
f 777 812 813
f 777 813 778
f 778 813 814
f 778 814 779
f 779 814 815
f 779 815 780
f 780 815 816
f 780 816 781
f 781 816 817
f 781 817 782
f 782 817 818
f 782 818 783
f 783 818 819
f 783 819 784
f 784 819 820
f 784 820 785
f 785 820 821
f 785 821 786
f 786 821 822
f 786 822 787
f 787 822 823
f 787 823 788
f 788 823 824
f 788 824 789
f 789 824 825
f 789 825 790
f 790 825 826
f 790 826 791
f 791 826 827
f 791 827 792
f 792 827 828
f 792 828 793
f 793 828 829
f 793 829 794
f 794 829 830
f 794 830 795
f 795 830 831
f 795 831 796
f 796 831 832
f 796 832 797
f 797 832 833
f 797 833 798
f 798 833 834
f 798 834 799
f 799 834 835
f 799 835 800
f 800 835 836
f 800 836 801
f 801 836 837
f 801 837 802
f 802 837 838
f 802 838 803
f 803 838 839
f 803 839 804
f 804 839 840
f 804 840 805
f 806 841 842
f 806 842 807
f 807 842 843
f 807 843 808
f 808 843 844
f 808 844 809
f 809 844 845
f 809 845 810
f 810 845 846
f 810 846 811
f 811 846 847
f 811 847 812
f 812 847 848
f 812 848 813
f 813 848 849
f 813 849 814
f 814 849 850
f 814 850 815
f 815 850 851
f 815 851 816
f 816 851 852
f 816 852 817
f 817 852 853
f 817 853 818
f 818 853 854
f 818 854 819
f 819 854 855
f 819 855 820
f 820 855 856
f 820 856 821
f 821 856 857
f 821 857 822
f 822 857 858
f 822 858 823
f 823 858 859
f 823 859 824
f 824 859 860
f 824 860 825
f 825 860 861
f 825 861 826
f 826 861 862
f 826 862 827
f 827 862 863
f 827 863 828
f 828 863 864
f 828 864 829
f 829 864 865
f 829 865 830
f 830 865 866
f 830 866 831
f 831 866 867
f 831 867 832
f 832 867 868
f 832 868 833
f 833 868 869
f 833 869 834
f 834 869 870
f 834 870 835
f 835 870 871
f 835 871 836
f 836 871 872
f 836 872 837
f 837 872 873
f 837 873 838
f 838 873 874
f 838 874 839
f 839 874 875
f 839 875 840
f 841 876 877
f 841 877 842
f 842 877 878
f 842 878 843
f 843 878 879
f 843 879 844
f 844 879 880
f 844 880 845
f 845 880 881
f 845 881 846
f 846 881 882
f 846 882 847
f 847 882 883
f 847 883 848
f 848 883 884
f 848 884 849
f 849 884 885
f 849 885 850
f 850 885 886
f 850 886 851
f 851 886 887
f 851 887 852
f 852 887 888
f 852 888 853
f 853 888 889
f 853 889 854
f 854 889 890
f 854 890 855
f 855 890 891
f 855 891 856
f 856 891 892
f 856 892 857
f 857 892 893
f 857 893 858
f 858 893 894
f 858 894 859
f 859 894 895
f 859 895 860
f 860 895 896
f 860 896 861
f 861 896 897
f 861 897 862
f 862 897 898
f 862 898 863
f 863 898 899
f 863 899 864
f 864 899 900
f 864 900 865
f 865 900 901
f 865 901 866
f 866 901 902
f 866 902 867
f 867 902 903
f 867 903 868
f 868 903 904
f 868 904 869
f 869 904 905
f 869 905 870
f 870 905 906
f 870 906 871
f 871 906 907
f 871 907 872
f 872 907 908
f 872 908 873
f 873 908 909
f 873 909 874
f 874 909 910
f 874 910 875
f 876 911 912
f 876 912 877
f 877 912 913
f 877 913 878
f 878 913 914
f 878 914 879
f 879 914 915
f 879 915 880
f 880 915 916
f 880 916 881
f 881 916 917
f 881 917 882
f 882 917 918
f 882 918 883
f 883 918 919
f 883 919 884
f 884 919 920
f 884 920 885
f 885 920 921
f 885 921 886
f 886 921 922
f 886 922 887
f 887 922 923
f 887 923 888
f 888 923 924
f 888 924 889
f 889 924 925
f 889 925 890
f 890 925 926
f 890 926 891
f 891 926 927
f 891 927 892
f 892 927 928
f 892 928 893
f 893 928 929
f 893 929 894
f 894 929 930
f 894 930 895
f 895 930 931
f 895 931 896
f 896 931 932
f 896 932 897
f 897 932 933
f 897 933 898
f 898 933 934
f 898 934 899
f 899 934 935
f 899 935 900
f 900 935 936
f 900 936 901
f 901 936 937
f 901 937 902
f 902 937 938
f 902 938 903
f 903 938 939
f 903 939 904
f 904 939 940
f 904 940 905
f 905 940 941
f 905 941 906
f 906 941 942
f 906 942 907
f 907 942 943
f 907 943 908
f 908 943 944
f 908 944 909
f 909 944 945
f 909 945 910
f 911 946 947
f 911 947 912
f 912 947 948
f 912 948 913
f 913 948 949
f 913 949 914
f 914 949 950
f 914 950 915
f 915 950 951
f 915 951 916
f 916 951 952
f 916 952 917
f 917 952 953
f 917 953 918
f 918 953 954
f 918 954 919
f 919 954 955
f 919 955 920
f 920 955 956
f 920 956 921
f 921 956 957
f 921 957 922
f 922 957 958
f 922 958 923
f 923 958 959
f 923 959 924
f 924 959 960
f 924 960 925
f 925 960 961
f 925 961 926
f 926 961 962
f 926 962 927
f 927 962 963
f 927 963 928
f 928 963 964
f 928 964 929
f 929 964 965
f 929 965 930
f 930 965 966
f 930 966 931
f 931 966 967
f 931 967 932
f 932 967 968
f 932 968 933
f 933 968 969
f 933 969 934
f 934 969 970
f 934 970 935
f 935 970 971
f 935 971 936
f 936 971 972
f 936 972 937
f 937 972 973
f 937 973 938
f 938 973 974
f 938 974 939
f 939 974 975
f 939 975 940
f 940 975 976
f 940 976 941
f 941 976 977
f 941 977 942
f 942 977 978
f 942 978 943
f 943 978 979
f 943 979 944
f 944 979 980
f 944 980 945
f 946 981 982
f 946 982 947
f 947 982 983
f 947 983 948
f 948 983 984
f 948 984 949
f 949 984 985
f 949 985 950
f 950 985 986
f 950 986 951
f 951 986 987
f 951 987 952
f 952 987 988
f 952 988 953
f 953 988 989
f 953 989 954
f 954 989 990
f 954 990 955
f 955 990 991
f 955 991 956
f 956 991 992
f 956 992 957
f 957 992 993
f 957 993 958
f 958 993 994
f 958 994 959
f 959 994 995
f 959 995 960
f 960 995 996
f 960 996 961
f 961 996 997
f 961 997 962
f 962 997 998
f 962 998 963
f 963 998 999
f 963 999 964
f 964 999 1000
f 964 1000 965
f 965 1000 1001
f 965 1001 966
f 966 1001 1002
f 966 1002 967
f 967 1002 1003
f 967 1003 968
f 968 1003 1004
f 968 1004 969
f 969 1004 1005
f 969 1005 970
f 970 1005 1006
f 970 1006 971
f 971 1006 1007
f 971 1007 972
f 972 1007 1008
f 972 1008 973
f 973 1008 1009
f 973 1009 974
f 974 1009 1010
f 974 1010 975
f 975 1010 1011
f 975 1011 976
f 976 1011 1012
f 976 1012 977
f 977 1012 1013
f 977 1013 978
f 978 1013 1014
f 978 1014 979
f 979 1014 1015
f 979 1015 980
f 981 1016 1017
f 981 1017 982
f 982 1017 1018
f 982 1018 983
f 983 1018 1019
f 983 1019 984
f 984 1019 1020
f 984 1020 985
f 985 1020 1021
f 985 1021 986
f 986 1021 1022
f 986 1022 987
f 987 1022 1023
f 987 1023 988
f 988 1023 1024
f 988 1024 989
f 989 1024 1025
f 989 1025 990
f 990 1025 1026
f 990 1026 991
f 991 1026 1027
f 991 1027 992
f 992 1027 1028
f 992 1028 993
f 993 1028 1029
f 993 1029 994
f 994 1029 1030
f 994 1030 995
f 995 1030 1031
f 995 1031 996
f 996 1031 1032
f 996 1032 997
f 997 1032 1033
f 997 1033 998
f 998 1033 1034
f 998 1034 999
f 999 1034 1035
f 999 1035 1000
f 1000 1035 1036
f 1000 1036 1001
f 1001 1036 1037
f 1001 1037 1002
f 1002 1037 1038
f 1002 1038 1003
f 1003 1038 1039
f 1003 1039 1004
f 1004 1039 1040
f 1004 1040 1005
f 1005 1040 1041
f 1005 1041 1006
f 1006 1041 1042
f 1006 1042 1007
f 1007 1042 1043
f 1007 1043 1008
f 1008 1043 1044
f 1008 1044 1009
f 1009 1044 1045
f 1009 1045 1010
f 1010 1045 1046
f 1010 1046 1011
f 1011 1046 1047
f 1011 1047 1012
f 1012 1047 1048
f 1012 1048 1013
f 1013 1048 1049
f 1013 1049 1014
f 1014 1049 1050
f 1014 1050 1015
f 1016 1051 1052
f 1016 1052 1017
f 1017 1052 1053
f 1017 1053 1018
f 1018 1053 1054
f 1018 1054 1019
f 1019 1054 1055
f 1019 1055 1020
f 1020 1055 1056
f 1020 1056 1021
f 1021 1056 1057
f 1021 1057 1022
f 1022 1057 1058
f 1022 1058 1023
f 1023 1058 1059
f 1023 1059 1024
f 1024 1059 1060
f 1024 1060 1025
f 1025 1060 1061
f 1025 1061 1026
f 1026 1061 1062
f 1026 1062 1027
f 1027 1062 1063
f 1027 1063 1028
f 1028 1063 1064
f 1028 1064 1029
f 1029 1064 1065
f 1029 1065 1030
f 1030 1065 1066
f 1030 1066 1031
f 1031 1066 1067
f 1031 1067 1032
f 1032 1067 1068
f 1032 1068 1033
f 1033 1068 1069
f 1033 1069 1034
f 1034 1069 1070
f 1034 1070 1035
f 1035 1070 1071
f 1035 1071 1036
f 1036 1071 1072
f 1036 1072 1037
f 1037 1072 1073
f 1037 1073 1038
f 1038 1073 1074
f 1038 1074 1039
f 1039 1074 1075
f 1039 1075 1040
f 1040 1075 1076
f 1040 1076 1041
f 1041 1076 1077
f 1041 1077 1042
f 1042 1077 1078
f 1042 1078 1043
f 1043 1078 1079
f 1043 1079 1044
f 1044 1079 1080
f 1044 1080 1045
f 1045 1080 1081
f 1045 1081 1046
f 1046 1081 1082
f 1046 1082 1047
f 1047 1082 1083
f 1047 1083 1048
f 1048 1083 1084
f 1048 1084 1049
f 1049 1084 1085
f 1049 1085 1050
f 1051 1086 1087
f 1051 1087 1052
f 1052 1087 1088
f 1052 1088 1053
f 1053 1088 1089
f 1053 1089 1054
f 1054 1089 1090
f 1054 1090 1055
f 1055 1090 1091
f 1055 1091 1056
f 1056 1091 1092
f 1056 1092 1057
f 1057 1092 1093
f 1057 1093 1058
f 1058 1093 1094
f 1058 1094 1059
f 1059 1094 1095
f 1059 1095 1060
f 1060 1095 1096
f 1060 1096 1061
f 1061 1096 1097
f 1061 1097 1062
f 1062 1097 1098
f 1062 1098 1063
f 1063 1098 1099
f 1063 1099 1064
f 1064 1099 1100
f 1064 1100 1065
f 1065 1100 1101
f 1065 1101 1066
f 1066 1101 1102
f 1066 1102 1067
f 1067 1102 1103
f 1067 1103 1068
f 1068 1103 1104
f 1068 1104 1069
f 1069 1104 1105
f 1069 1105 1070
f 1070 1105 1106
f 1070 1106 1071
f 1071 1106 1107
f 1071 1107 1072
f 1072 1107 1108
f 1072 1108 1073
f 1073 1108 1109
f 1073 1109 1074
f 1074 1109 1110
f 1074 1110 1075
f 1075 1110 1111
f 1075 1111 1076
f 1076 1111 1112
f 1076 1112 1077
f 1077 1112 1113
f 1077 1113 1078
f 1078 1113 1114
f 1078 1114 1079
f 1079 1114 1115
f 1079 1115 1080
f 1080 1115 1116
f 1080 1116 1081
f 1081 1116 1117
f 1081 1117 1082
f 1082 1117 1118
f 1082 1118 1083
f 1083 1118 1119
f 1083 1119 1084
f 1084 1119 1120
f 1084 1120 1085
f 1086 1121 1122
f 1086 1122 1087
f 1087 1122 1123
f 1087 1123 1088
f 1088 1123 1124
f 1088 1124 1089
f 1089 1124 1125
f 1089 1125 1090
f 1090 1125 1126
f 1090 1126 1091
f 1091 1126 1127
f 1091 1127 1092
f 1092 1127 1128
f 1092 1128 1093
f 1093 1128 1129
f 1093 1129 1094
f 1094 1129 1130
f 1094 1130 1095
f 1095 1130 1131
f 1095 1131 1096
f 1096 1131 1132
f 1096 1132 1097
f 1097 1132 1133
f 1097 1133 1098
f 1098 1133 1134
f 1098 1134 1099
f 1099 1134 1135
f 1099 1135 1100
f 1100 1135 1136
f 1100 1136 1101
f 1101 1136 1137
f 1101 1137 1102
f 1102 1137 1138
f 1102 1138 1103
f 1103 1138 1139
f 1103 1139 1104
f 1104 1139 1140
f 1104 1140 1105
f 1105 1140 1141
f 1105 1141 1106
f 1106 1141 1142
f 1106 1142 1107
f 1107 1142 1143
f 1107 1143 1108
f 1108 1143 1144
f 1108 1144 1109
f 1109 1144 1145
f 1109 1145 1110
f 1110 1145 1146
f 1110 1146 1111
f 1111 1146 1147
f 1111 1147 1112
f 1112 1147 1148
f 1112 1148 1113
f 1113 1148 1149
f 1113 1149 1114
f 1114 1149 1150
f 1114 1150 1115
f 1115 1150 1151
f 1115 1151 1116
f 1116 1151 1152
f 1116 1152 1117
f 1117 1152 1153
f 1117 1153 1118
f 1118 1153 1154
f 1118 1154 1119
f 1119 1154 1155
f 1119 1155 1120
f 1121 1156 1157
f 1121 1157 1122
f 1122 1157 1158
f 1122 1158 1123
f 1123 1158 1159
f 1123 1159 1124
f 1124 1159 1160
f 1124 1160 1125
f 1125 1160 1161
f 1125 1161 1126
f 1126 1161 1162
f 1126 1162 1127
f 1127 1162 1163
f 1127 1163 1128
f 1128 1163 1164
f 1128 1164 1129
f 1129 1164 1165
f 1129 1165 1130
f 1130 1165 1166
f 1130 1166 1131
f 1131 1166 1167
f 1131 1167 1132
f 1132 1167 1168
f 1132 1168 1133
f 1133 1168 1169
f 1133 1169 1134
f 1134 1169 1170
f 1134 1170 1135
f 1135 1170 1171
f 1135 1171 1136
f 1136 1171 1172
f 1136 1172 1137
f 1137 1172 1173
f 1137 1173 1138
f 1138 1173 1174
f 1138 1174 1139
f 1139 1174 1175
f 1139 1175 1140
f 1140 1175 1176
f 1140 1176 1141
f 1141 1176 1177
f 1141 1177 1142
f 1142 1177 1178
f 1142 1178 1143
f 1143 1178 1179
f 1143 1179 1144
f 1144 1179 1180
f 1144 1180 1145
f 1145 1180 1181
f 1145 1181 1146
f 1146 1181 1182
f 1146 1182 1147
f 1147 1182 1183
f 1147 1183 1148
f 1148 1183 1184
f 1148 1184 1149
f 1149 1184 1185
f 1149 1185 1150
f 1150 1185 1186
f 1150 1186 1151
f 1151 1186 1187
f 1151 1187 1152
f 1152 1187 1188
f 1152 1188 1153
f 1153 1188 1189
f 1153 1189 1154
f 1154 1189 1190
f 1154 1190 1155
f 1156 1191 1192
f 1156 1192 1157
f 1157 1192 1193
f 1157 1193 1158
f 1158 1193 1194
f 1158 1194 1159
f 1159 1194 1195
f 1159 1195 1160
f 1160 1195 1196
f 1160 1196 1161
f 1161 1196 1197
f 1161 1197 1162
f 1162 1197 1198
f 1162 1198 1163
f 1163 1198 1199
f 1163 1199 1164
f 1164 1199 1200
f 1164 1200 1165
f 1165 1200 1201
f 1165 1201 1166
f 1166 1201 1202
f 1166 1202 1167
f 1167 1202 1203
f 1167 1203 1168
f 1168 1203 1204
f 1168 1204 1169
f 1169 1204 1205
f 1169 1205 1170
f 1170 1205 1206
f 1170 1206 1171
f 1171 1206 1207
f 1171 1207 1172
f 1172 1207 1208
f 1172 1208 1173
f 1173 1208 1209
f 1173 1209 1174
f 1174 1209 1210
f 1174 1210 1175
f 1175 1210 1211
f 1175 1211 1176
f 1176 1211 1212
f 1176 1212 1177
f 1177 1212 1213
f 1177 1213 1178
f 1178 1213 1214
f 1178 1214 1179
f 1179 1214 1215
f 1179 1215 1180
f 1180 1215 1216
f 1180 1216 1181
f 1181 1216 1217
f 1181 1217 1182
f 1182 1217 1218
f 1182 1218 1183
f 1183 1218 1219
f 1183 1219 1184
f 1184 1219 1220
f 1184 1220 1185
f 1185 1220 1221
f 1185 1221 1186
f 1186 1221 1222
f 1186 1222 1187
f 1187 1222 1223
f 1187 1223 1188
f 1188 1223 1224
f 1188 1224 1189
f 1189 1224 1225
f 1189 1225 1190
f 1191 1226 1227
f 1191 1227 1192
f 1192 1227 1228
f 1192 1228 1193
f 1193 1228 1229
f 1193 1229 1194
f 1194 1229 1230
f 1194 1230 1195
f 1195 1230 1231
f 1195 1231 1196
f 1196 1231 1232
f 1196 1232 1197
f 1197 1232 1233
f 1197 1233 1198
f 1198 1233 1234
f 1198 1234 1199
f 1199 1234 1235
f 1199 1235 1200
f 1200 1235 1236
f 1200 1236 1201
f 1201 1236 1237
f 1201 1237 1202
f 1202 1237 1238
f 1202 1238 1203
f 1203 1238 1239
f 1203 1239 1204
f 1204 1239 1240
f 1204 1240 1205
f 1205 1240 1241
f 1205 1241 1206
f 1206 1241 1242
f 1206 1242 1207
f 1207 1242 1243
f 1207 1243 1208
f 1208 1243 1244
f 1208 1244 1209
f 1209 1244 1245
f 1209 1245 1210
f 1210 1245 1246
f 1210 1246 1211
f 1211 1246 1247
f 1211 1247 1212
f 1212 1247 1248
f 1212 1248 1213
f 1213 1248 1249
f 1213 1249 1214
f 1214 1249 1250
f 1214 1250 1215
f 1215 1250 1251
f 1215 1251 1216
f 1216 1251 1252
f 1216 1252 1217
f 1217 1252 1253
f 1217 1253 1218
f 1218 1253 1254
f 1218 1254 1219
f 1219 1254 1255
f 1219 1255 1220
f 1220 1255 1256
f 1220 1256 1221
f 1221 1256 1257
f 1221 1257 1222
f 1222 1257 1258
f 1222 1258 1223
f 1223 1258 1259
f 1223 1259 1224
f 1224 1259 1260
f 1224 1260 1225
f 1226 1261 1262
f 1226 1262 1227
f 1227 1262 1263
f 1227 1263 1228
f 1228 1263 1264
f 1228 1264 1229
f 1229 1264 1265
f 1229 1265 1230
f 1230 1265 1266
f 1230 1266 1231
f 1231 1266 1267
f 1231 1267 1232
f 1232 1267 1268
f 1232 1268 1233
f 1233 1268 1269
f 1233 1269 1234
f 1234 1269 1270
f 1234 1270 1235
f 1235 1270 1271
f 1235 1271 1236
f 1236 1271 1272
f 1236 1272 1237
f 1237 1272 1273
f 1237 1273 1238
f 1238 1273 1274
f 1238 1274 1239
f 1239 1274 1275
f 1239 1275 1240
f 1240 1275 1276
f 1240 1276 1241
f 1241 1276 1277
f 1241 1277 1242
f 1242 1277 1278
f 1242 1278 1243
f 1243 1278 1279
f 1243 1279 1244
f 1244 1279 1280
f 1244 1280 1245
f 1245 1280 1281
f 1245 1281 1246
f 1246 1281 1282
f 1246 1282 1247
f 1247 1282 1283
f 1247 1283 1248
f 1248 1283 1284
f 1248 1284 1249
f 1249 1284 1285
f 1249 1285 1250
f 1250 1285 1286
f 1250 1286 1251
f 1251 1286 1287
f 1251 1287 1252
f 1252 1287 1288
f 1252 1288 1253
f 1253 1288 1289
f 1253 1289 1254
f 1254 1289 1290
f 1254 1290 1255
f 1255 1290 1291
f 1255 1291 1256
f 1256 1291 1292
f 1256 1292 1257
f 1257 1292 1293
f 1257 1293 1258
f 1258 1293 1294
f 1258 1294 1259
f 1259 1294 1295
f 1259 1295 1260
f 1261 1296 1297
f 1261 1297 1262
f 1262 1297 1298
f 1262 1298 1263
f 1263 1298 1299
f 1263 1299 1264
f 1264 1299 1300
f 1264 1300 1265
f 1265 1300 1301
f 1265 1301 1266
f 1266 1301 1302
f 1266 1302 1267
f 1267 1302 1303
f 1267 1303 1268
f 1268 1303 1304
f 1268 1304 1269
f 1269 1304 1305
f 1269 1305 1270
f 1270 1305 1306
f 1270 1306 1271
f 1271 1306 1307
f 1271 1307 1272
f 1272 1307 1308
f 1272 1308 1273
f 1273 1308 1309
f 1273 1309 1274
f 1274 1309 1310
f 1274 1310 1275
f 1275 1310 1311
f 1275 1311 1276
f 1276 1311 1312
f 1276 1312 1277
f 1277 1312 1313
f 1277 1313 1278
f 1278 1313 1314
f 1278 1314 1279
f 1279 1314 1315
f 1279 1315 1280
f 1280 1315 1316
f 1280 1316 1281
f 1281 1316 1317
f 1281 1317 1282
f 1282 1317 1318
f 1282 1318 1283
f 1283 1318 1319
f 1283 1319 1284
f 1284 1319 1320
f 1284 1320 1285
f 1285 1320 1321
f 1285 1321 1286
f 1286 1321 1322
f 1286 1322 1287
f 1287 1322 1323
f 1287 1323 1288
f 1288 1323 1324
f 1288 1324 1289
f 1289 1324 1325
f 1289 1325 1290
f 1290 1325 1326
f 1290 1326 1291
f 1291 1326 1327
f 1291 1327 1292
f 1292 1327 1328
f 1292 1328 1293
f 1293 1328 1329
f 1293 1329 1294
f 1294 1329 1330
f 1294 1330 1295
f 1296 1331 1332
f 1296 1332 1297
f 1297 1332 1333
f 1297 1333 1298
f 1298 1333 1334
f 1298 1334 1299
f 1299 1334 1335
f 1299 1335 1300
f 1300 1335 1336
f 1300 1336 1301
f 1301 1336 1337
f 1301 1337 1302
f 1302 1337 1338
f 1302 1338 1303
f 1303 1338 1339
f 1303 1339 1304
f 1304 1339 1340
f 1304 1340 1305
f 1305 1340 1341
f 1305 1341 1306
f 1306 1341 1342
f 1306 1342 1307
f 1307 1342 1343
f 1307 1343 1308
f 1308 1343 1344
f 1308 1344 1309
f 1309 1344 1345
f 1309 1345 1310
f 1310 1345 1346
f 1310 1346 1311
f 1311 1346 1347
f 1311 1347 1312
f 1312 1347 1348
f 1312 1348 1313
f 1313 1348 1349
f 1313 1349 1314
f 1314 1349 1350
f 1314 1350 1315
f 1315 1350 1351
f 1315 1351 1316
f 1316 1351 1352
f 1316 1352 1317
f 1317 1352 1353
f 1317 1353 1318
f 1318 1353 1354
f 1318 1354 1319
f 1319 1354 1355
f 1319 1355 1320
f 1320 1355 1356
f 1320 1356 1321
f 1321 1356 1357
f 1321 1357 1322
f 1322 1357 1358
f 1322 1358 1323
f 1323 1358 1359
f 1323 1359 1324
f 1324 1359 1360
f 1324 1360 1325
f 1325 1360 1361
f 1325 1361 1326
f 1326 1361 1362
f 1326 1362 1327
f 1327 1362 1363
f 1327 1363 1328
f 1328 1363 1364
f 1328 1364 1329
f 1329 1364 1365
f 1329 1365 1330
f 1331 1366 1367
f 1331 1367 1332
f 1332 1367 1368
f 1332 1368 1333
f 1333 1368 1369
f 1333 1369 1334
f 1334 1369 1370
f 1334 1370 1335
f 1335 1370 1371
f 1335 1371 1336
f 1336 1371 1372
f 1336 1372 1337
f 1337 1372 1373
f 1337 1373 1338
f 1338 1373 1374
f 1338 1374 1339
f 1339 1374 1375
f 1339 1375 1340
f 1340 1375 1376
f 1340 1376 1341
f 1341 1376 1377
f 1341 1377 1342
f 1342 1377 1378
f 1342 1378 1343
f 1343 1378 1379
f 1343 1379 1344
f 1344 1379 1380
f 1344 1380 1345
f 1345 1380 1381
f 1345 1381 1346
f 1346 1381 1382
f 1346 1382 1347
f 1347 1382 1383
f 1347 1383 1348
f 1348 1383 1384
f 1348 1384 1349
f 1349 1384 1385
f 1349 1385 1350
f 1350 1385 1386
f 1350 1386 1351
f 1351 1386 1387
f 1351 1387 1352
f 1352 1387 1388
f 1352 1388 1353
f 1353 1388 1389
f 1353 1389 1354
f 1354 1389 1390
f 1354 1390 1355
f 1355 1390 1391
f 1355 1391 1356
f 1356 1391 1392
f 1356 1392 1357
f 1357 1392 1393
f 1357 1393 1358
f 1358 1393 1394
f 1358 1394 1359
f 1359 1394 1395
f 1359 1395 1360
f 1360 1395 1396
f 1360 1396 1361
f 1361 1396 1397
f 1361 1397 1362
f 1362 1397 1398
f 1362 1398 1363
f 1363 1398 1399
f 1363 1399 1364
f 1364 1399 1400
f 1364 1400 1365
f 1366 1401 1402
f 1366 1402 1367
f 1367 1402 1403
f 1367 1403 1368
f 1368 1403 1404
f 1368 1404 1369
f 1369 1404 1405
f 1369 1405 1370
f 1370 1405 1406
f 1370 1406 1371
f 1371 1406 1407
f 1371 1407 1372
f 1372 1407 1408
f 1372 1408 1373
f 1373 1408 1409
f 1373 1409 1374
f 1374 1409 1410
f 1374 1410 1375
f 1375 1410 1411
f 1375 1411 1376
f 1376 1411 1412
f 1376 1412 1377
f 1377 1412 1413
f 1377 1413 1378
f 1378 1413 1414
f 1378 1414 1379
f 1379 1414 1415
f 1379 1415 1380
f 1380 1415 1416
f 1380 1416 1381
f 1381 1416 1417
f 1381 1417 1382
f 1382 1417 1418
f 1382 1418 1383
f 1383 1418 1419
f 1383 1419 1384
f 1384 1419 1420
f 1384 1420 1385
f 1385 1420 1421
f 1385 1421 1386
f 1386 1421 1422
f 1386 1422 1387
f 1387 1422 1423
f 1387 1423 1388
f 1388 1423 1424
f 1388 1424 1389
f 1389 1424 1425
f 1389 1425 1390
f 1390 1425 1426
f 1390 1426 1391
f 1391 1426 1427
f 1391 1427 1392
f 1392 1427 1428
f 1392 1428 1393
f 1393 1428 1429
f 1393 1429 1394
f 1394 1429 1430
f 1394 1430 1395
f 1395 1430 1431
f 1395 1431 1396
f 1396 1431 1432
f 1396 1432 1397
f 1397 1432 1433
f 1397 1433 1398
f 1398 1433 1434
f 1398 1434 1399
f 1399 1434 1435
f 1399 1435 1400
f 1401 1436 1437
f 1401 1437 1402
f 1402 1437 1438
f 1402 1438 1403
f 1403 1438 1439
f 1403 1439 1404
f 1404 1439 1440
f 1404 1440 1405
f 1405 1440 1441
f 1405 1441 1406
f 1406 1441 1442
f 1406 1442 1407
f 1407 1442 1443
f 1407 1443 1408
f 1408 1443 1444
f 1408 1444 1409
f 1409 1444 1445
f 1409 1445 1410
f 1410 1445 1446
f 1410 1446 1411
f 1411 1446 1447
f 1411 1447 1412
f 1412 1447 1448
f 1412 1448 1413
f 1413 1448 1449
f 1413 1449 1414
f 1414 1449 1450
f 1414 1450 1415
f 1415 1450 1451
f 1415 1451 1416
f 1416 1451 1452
f 1416 1452 1417
f 1417 1452 1453
f 1417 1453 1418
f 1418 1453 1454
f 1418 1454 1419
f 1419 1454 1455
f 1419 1455 1420
f 1420 1455 1456
f 1420 1456 1421
f 1421 1456 1457
f 1421 1457 1422
f 1422 1457 1458
f 1422 1458 1423
f 1423 1458 1459
f 1423 1459 1424
f 1424 1459 1460
f 1424 1460 1425
f 1425 1460 1461
f 1425 1461 1426
f 1426 1461 1462
f 1426 1462 1427
f 1427 1462 1463
f 1427 1463 1428
f 1428 1463 1464
f 1428 1464 1429
f 1429 1464 1465
f 1429 1465 1430
f 1430 1465 1466
f 1430 1466 1431
f 1431 1466 1467
f 1431 1467 1432
f 1432 1467 1468
f 1432 1468 1433
f 1433 1468 1469
f 1433 1469 1434
f 1434 1469 1470
f 1434 1470 1435
f 1436 1471 1472
f 1436 1472 1437
f 1437 1472 1473
f 1437 1473 1438
f 1438 1473 1474
f 1438 1474 1439
f 1439 1474 1475
f 1439 1475 1440
f 1440 1475 1476
f 1440 1476 1441
f 1441 1476 1477
f 1441 1477 1442
f 1442 1477 1478
f 1442 1478 1443
f 1443 1478 1479
f 1443 1479 1444
f 1444 1479 1480
f 1444 1480 1445
f 1445 1480 1481
f 1445 1481 1446
f 1446 1481 1482
f 1446 1482 1447
f 1447 1482 1483
f 1447 1483 1448
f 1448 1483 1484
f 1448 1484 1449
f 1449 1484 1485
f 1449 1485 1450
f 1450 1485 1486
f 1450 1486 1451
f 1451 1486 1487
f 1451 1487 1452
f 1452 1487 1488
f 1452 1488 1453
f 1453 1488 1489
f 1453 1489 1454
f 1454 1489 1490
f 1454 1490 1455
f 1455 1490 1491
f 1455 1491 1456
f 1456 1491 1492
f 1456 1492 1457
f 1457 1492 1493
f 1457 1493 1458
f 1458 1493 1494
f 1458 1494 1459
f 1459 1494 1495
f 1459 1495 1460
f 1460 1495 1496
f 1460 1496 1461
f 1461 1496 1497
f 1461 1497 1462
f 1462 1497 1498
f 1462 1498 1463
f 1463 1498 1499
f 1463 1499 1464
f 1464 1499 1500
f 1464 1500 1465
f 1465 1500 1501
f 1465 1501 1466
f 1466 1501 1502
f 1466 1502 1467
f 1467 1502 1503
f 1467 1503 1468
f 1468 1503 1504
f 1468 1504 1469
f 1469 1504 1505
f 1469 1505 1470
f 1471 1506 1507
f 1471 1507 1472
f 1472 1507 1508
f 1472 1508 1473
f 1473 1508 1509
f 1473 1509 1474
f 1474 1509 1510
f 1474 1510 1475
f 1475 1510 1511
f 1475 1511 1476
f 1476 1511 1512
f 1476 1512 1477
f 1477 1512 1513
f 1477 1513 1478
f 1478 1513 1514
f 1478 1514 1479
f 1479 1514 1515
f 1479 1515 1480
f 1480 1515 1516
f 1480 1516 1481
f 1481 1516 1517
f 1481 1517 1482
f 1482 1517 1518
f 1482 1518 1483
f 1483 1518 1519
f 1483 1519 1484
f 1484 1519 1520
f 1484 1520 1485
f 1485 1520 1521
f 1485 1521 1486
f 1486 1521 1522
f 1486 1522 1487
f 1487 1522 1523
f 1487 1523 1488
f 1488 1523 1524
f 1488 1524 1489
f 1489 1524 1525
f 1489 1525 1490
f 1490 1525 1526
f 1490 1526 1491
f 1491 1526 1527
f 1491 1527 1492
f 1492 1527 1528
f 1492 1528 1493
f 1493 1528 1529
f 1493 1529 1494
f 1494 1529 1530
f 1494 1530 1495
f 1495 1530 1531
f 1495 1531 1496
f 1496 1531 1532
f 1496 1532 1497
f 1497 1532 1533
f 1497 1533 1498
f 1498 1533 1534
f 1498 1534 1499
f 1499 1534 1535
f 1499 1535 1500
f 1500 1535 1536
f 1500 1536 1501
f 1501 1536 1537
f 1501 1537 1502
f 1502 1537 1538
f 1502 1538 1503
f 1503 1538 1539
f 1503 1539 1504
f 1504 1539 1540
f 1504 1540 1505
f 1506 1541 1542
f 1506 1542 1507
f 1507 1542 1543
f 1507 1543 1508
f 1508 1543 1544
f 1508 1544 1509
f 1509 1544 1545
f 1509 1545 1510
f 1510 1545 1546
f 1510 1546 1511
f 1511 1546 1547
f 1511 1547 1512
f 1512 1547 1548
f 1512 1548 1513
f 1513 1548 1549
f 1513 1549 1514
f 1514 1549 1550
f 1514 1550 1515
f 1515 1550 1551
f 1515 1551 1516
f 1516 1551 1552
f 1516 1552 1517
f 1517 1552 1553
f 1517 1553 1518
f 1518 1553 1554
f 1518 1554 1519
f 1519 1554 1555
f 1519 1555 1520
f 1520 1555 1556
f 1520 1556 1521
f 1521 1556 1557
f 1521 1557 1522
f 1522 1557 1558
f 1522 1558 1523
f 1523 1558 1559
f 1523 1559 1524
f 1524 1559 1560
f 1524 1560 1525
f 1525 1560 1561
f 1525 1561 1526
f 1526 1561 1562
f 1526 1562 1527
f 1527 1562 1563
f 1527 1563 1528
f 1528 1563 1564
f 1528 1564 1529
f 1529 1564 1565
f 1529 1565 1530
f 1530 1565 1566
f 1530 1566 1531
f 1531 1566 1567
f 1531 1567 1532
f 1532 1567 1568
f 1532 1568 1533
f 1533 1568 1569
f 1533 1569 1534
f 1534 1569 1570
f 1534 1570 1535
f 1535 1570 1571
f 1535 1571 1536
f 1536 1571 1572
f 1536 1572 1537
f 1537 1572 1573
f 1537 1573 1538
f 1538 1573 1574
f 1538 1574 1539
f 1539 1574 1575
f 1539 1575 1540
f 1541 1576 1577
f 1541 1577 1542
f 1542 1577 1578
f 1542 1578 1543
f 1543 1578 1579
f 1543 1579 1544
f 1544 1579 1580
f 1544 1580 1545
f 1545 1580 1581
f 1545 1581 1546
f 1546 1581 1582
f 1546 1582 1547
f 1547 1582 1583
f 1547 1583 1548
f 1548 1583 1584
f 1548 1584 1549
f 1549 1584 1585
f 1549 1585 1550
f 1550 1585 1586
f 1550 1586 1551
f 1551 1586 1587
f 1551 1587 1552
f 1552 1587 1588
f 1552 1588 1553
f 1553 1588 1589
f 1553 1589 1554
f 1554 1589 1590
f 1554 1590 1555
f 1555 1590 1591
f 1555 1591 1556
f 1556 1591 1592
f 1556 1592 1557
f 1557 1592 1593
f 1557 1593 1558
f 1558 1593 1594
f 1558 1594 1559
f 1559 1594 1595
f 1559 1595 1560
f 1560 1595 1596
f 1560 1596 1561
f 1561 1596 1597
f 1561 1597 1562
f 1562 1597 1598
f 1562 1598 1563
f 1563 1598 1599
f 1563 1599 1564
f 1564 1599 1600
f 1564 1600 1565
f 1565 1600 1601
f 1565 1601 1566
f 1566 1601 1602
f 1566 1602 1567
f 1567 1602 1603
f 1567 1603 1568
f 1568 1603 1604
f 1568 1604 1569
f 1569 1604 1605
f 1569 1605 1570
f 1570 1605 1606
f 1570 1606 1571
f 1571 1606 1607
f 1571 1607 1572
f 1572 1607 1608
f 1572 1608 1573
f 1573 1608 1609
f 1573 1609 1574
f 1574 1609 1610
f 1574 1610 1575
f 1576 1611 1612
f 1576 1612 1577
f 1577 1612 1613
f 1577 1613 1578
f 1578 1613 1614
f 1578 1614 1579
f 1579 1614 1615
f 1579 1615 1580
f 1580 1615 1616
f 1580 1616 1581
f 1581 1616 1617
f 1581 1617 1582
f 1582 1617 1618
f 1582 1618 1583
f 1583 1618 1619
f 1583 1619 1584
f 1584 1619 1620
f 1584 1620 1585
f 1585 1620 1621
f 1585 1621 1586
f 1586 1621 1622
f 1586 1622 1587
f 1587 1622 1623
f 1587 1623 1588
f 1588 1623 1624
f 1588 1624 1589
f 1589 1624 1625
f 1589 1625 1590
f 1590 1625 1626
f 1590 1626 1591
f 1591 1626 1627
f 1591 1627 1592
f 1592 1627 1628
f 1592 1628 1593
f 1593 1628 1629
f 1593 1629 1594
f 1594 1629 1630
f 1594 1630 1595
f 1595 1630 1631
f 1595 1631 1596
f 1596 1631 1632
f 1596 1632 1597
f 1597 1632 1633
f 1597 1633 1598
f 1598 1633 1634
f 1598 1634 1599
f 1599 1634 1635
f 1599 1635 1600
f 1600 1635 1636
f 1600 1636 1601
f 1601 1636 1637
f 1601 1637 1602
f 1602 1637 1638
f 1602 1638 1603
f 1603 1638 1639
f 1603 1639 1604
f 1604 1639 1640
f 1604 1640 1605
f 1605 1640 1641
f 1605 1641 1606
f 1606 1641 1642
f 1606 1642 1607
f 1607 1642 1643
f 1607 1643 1608
f 1608 1643 1644
f 1608 1644 1609
f 1609 1644 1645
f 1609 1645 1610
f 1611 1646 1647
f 1611 1647 1612
f 1612 1647 1648
f 1612 1648 1613
f 1613 1648 1649
f 1613 1649 1614
f 1614 1649 1650
f 1614 1650 1615
f 1615 1650 1651
f 1615 1651 1616
f 1616 1651 1652
f 1616 1652 1617
f 1617 1652 1653
f 1617 1653 1618
f 1618 1653 1654
f 1618 1654 1619
f 1619 1654 1655
f 1619 1655 1620
f 1620 1655 1656
f 1620 1656 1621
f 1621 1656 1657
f 1621 1657 1622
f 1622 1657 1658
f 1622 1658 1623
f 1623 1658 1659
f 1623 1659 1624
f 1624 1659 1660
f 1624 1660 1625
f 1625 1660 1661
f 1625 1661 1626
f 1626 1661 1662
f 1626 1662 1627
f 1627 1662 1663
f 1627 1663 1628
f 1628 1663 1664
f 1628 1664 1629
f 1629 1664 1665
f 1629 1665 1630
f 1630 1665 1666
f 1630 1666 1631
f 1631 1666 1667
f 1631 1667 1632
f 1632 1667 1668
f 1632 1668 1633
f 1633 1668 1669
f 1633 1669 1634
f 1634 1669 1670
f 1634 1670 1635
f 1635 1670 1671
f 1635 1671 1636
f 1636 1671 1672
f 1636 1672 1637
f 1637 1672 1673
f 1637 1673 1638
f 1638 1673 1674
f 1638 1674 1639
f 1639 1674 1675
f 1639 1675 1640
f 1640 1675 1676
f 1640 1676 1641
f 1641 1676 1677
f 1641 1677 1642
f 1642 1677 1678
f 1642 1678 1643
f 1643 1678 1679
f 1643 1679 1644
f 1644 1679 1680
f 1644 1680 1645
f 1646 1681 1682
f 1646 1682 1647
f 1647 1682 1683
f 1647 1683 1648
f 1648 1683 1684
f 1648 1684 1649
f 1649 1684 1685
f 1649 1685 1650
f 1650 1685 1686
f 1650 1686 1651
f 1651 1686 1687
f 1651 1687 1652
f 1652 1687 1688
f 1652 1688 1653
f 1653 1688 1689
f 1653 1689 1654
f 1654 1689 1690
f 1654 1690 1655
f 1655 1690 1691
f 1655 1691 1656
f 1656 1691 1692
f 1656 1692 1657
f 1657 1692 1693
f 1657 1693 1658
f 1658 1693 1694
f 1658 1694 1659
f 1659 1694 1695
f 1659 1695 1660
f 1660 1695 1696
f 1660 1696 1661
f 1661 1696 1697
f 1661 1697 1662
f 1662 1697 1698
f 1662 1698 1663
f 1663 1698 1699
f 1663 1699 1664
f 1664 1699 1700
f 1664 1700 1665
f 1665 1700 1701
f 1665 1701 1666
f 1666 1701 1702
f 1666 1702 1667
f 1667 1702 1703
f 1667 1703 1668
f 1668 1703 1704
f 1668 1704 1669
f 1669 1704 1705
f 1669 1705 1670
f 1670 1705 1706
f 1670 1706 1671
f 1671 1706 1707
f 1671 1707 1672
f 1672 1707 1708
f 1672 1708 1673
f 1673 1708 1709
f 1673 1709 1674
f 1674 1709 1710
f 1674 1710 1675
f 1675 1710 1711
f 1675 1711 1676
f 1676 1711 1712
f 1676 1712 1677
f 1677 1712 1713
f 1677 1713 1678
f 1678 1713 1714
f 1678 1714 1679
f 1679 1714 1715
f 1679 1715 1680
f 1681 1716 1717
f 1681 1717 1682
f 1682 1717 1718
f 1682 1718 1683
f 1683 1718 1719
f 1683 1719 1684
f 1684 1719 1720
f 1684 1720 1685
f 1685 1720 1721
f 1685 1721 1686
f 1686 1721 1722
f 1686 1722 1687
f 1687 1722 1723
f 1687 1723 1688
f 1688 1723 1724
f 1688 1724 1689
f 1689 1724 1725
f 1689 1725 1690
f 1690 1725 1726
f 1690 1726 1691
f 1691 1726 1727
f 1691 1727 1692
f 1692 1727 1728
f 1692 1728 1693
f 1693 1728 1729
f 1693 1729 1694
f 1694 1729 1730
f 1694 1730 1695
f 1695 1730 1731
f 1695 1731 1696
f 1696 1731 1732
f 1696 1732 1697
f 1697 1732 1733
f 1697 1733 1698
f 1698 1733 1734
f 1698 1734 1699
f 1699 1734 1735
f 1699 1735 1700
f 1700 1735 1736
f 1700 1736 1701
f 1701 1736 1737
f 1701 1737 1702
f 1702 1737 1738
f 1702 1738 1703
f 1703 1738 1739
f 1703 1739 1704
f 1704 1739 1740
f 1704 1740 1705
f 1705 1740 1741
f 1705 1741 1706
f 1706 1741 1742
f 1706 1742 1707
f 1707 1742 1743
f 1707 1743 1708
f 1708 1743 1744
f 1708 1744 1709
f 1709 1744 1745
f 1709 1745 1710
f 1710 1745 1746
f 1710 1746 1711
f 1711 1746 1747
f 1711 1747 1712
f 1712 1747 1748
f 1712 1748 1713
f 1713 1748 1749
f 1713 1749 1714
f 1714 1749 1750
f 1714 1750 1715
f 1716 1751 1752
f 1716 1752 1717
f 1717 1752 1753
f 1717 1753 1718
f 1718 1753 1754
f 1718 1754 1719
f 1719 1754 1755
f 1719 1755 1720
f 1720 1755 1756
f 1720 1756 1721
f 1721 1756 1757
f 1721 1757 1722
f 1722 1757 1758
f 1722 1758 1723
f 1723 1758 1759
f 1723 1759 1724
f 1724 1759 1760
f 1724 1760 1725
f 1725 1760 1761
f 1725 1761 1726
f 1726 1761 1762
f 1726 1762 1727
f 1727 1762 1763
f 1727 1763 1728
f 1728 1763 1764
f 1728 1764 1729
f 1729 1764 1765
f 1729 1765 1730
f 1730 1765 1766
f 1730 1766 1731
f 1731 1766 1767
f 1731 1767 1732
f 1732 1767 1768
f 1732 1768 1733
f 1733 1768 1769
f 1733 1769 1734
f 1734 1769 1770
f 1734 1770 1735
f 1735 1770 1771
f 1735 1771 1736
f 1736 1771 1772
f 1736 1772 1737
f 1737 1772 1773
f 1737 1773 1738
f 1738 1773 1774
f 1738 1774 1739
f 1739 1774 1775
f 1739 1775 1740
f 1740 1775 1776
f 1740 1776 1741
f 1741 1776 1777
f 1741 1777 1742
f 1742 1777 1778
f 1742 1778 1743
f 1743 1778 1779
f 1743 1779 1744
f 1744 1779 1780
f 1744 1780 1745
f 1745 1780 1781
f 1745 1781 1746
f 1746 1781 1782
f 1746 1782 1747
f 1747 1782 1783
f 1747 1783 1748
f 1748 1783 1784
f 1748 1784 1749
f 1749 1784 1785
f 1749 1785 1750
f 1751 1786 1787
f 1751 1787 1752
f 1752 1787 1788
f 1752 1788 1753
f 1753 1788 1789
f 1753 1789 1754
f 1754 1789 1790
f 1754 1790 1755
f 1755 1790 1791
f 1755 1791 1756
f 1756 1791 1792
f 1756 1792 1757
f 1757 1792 1793
f 1757 1793 1758
f 1758 1793 1794
f 1758 1794 1759
f 1759 1794 1795
f 1759 1795 1760
f 1760 1795 1796
f 1760 1796 1761
f 1761 1796 1797
f 1761 1797 1762
f 1762 1797 1798
f 1762 1798 1763
f 1763 1798 1799
f 1763 1799 1764
f 1764 1799 1800
f 1764 1800 1765
f 1765 1800 1801
f 1765 1801 1766
f 1766 1801 1802
f 1766 1802 1767
f 1767 1802 1803
f 1767 1803 1768
f 1768 1803 1804
f 1768 1804 1769
f 1769 1804 1805
f 1769 1805 1770
f 1770 1805 1806
f 1770 1806 1771
f 1771 1806 1807
f 1771 1807 1772
f 1772 1807 1808
f 1772 1808 1773
f 1773 1808 1809
f 1773 1809 1774
f 1774 1809 1810
f 1774 1810 1775
f 1775 1810 1811
f 1775 1811 1776
f 1776 1811 1812
f 1776 1812 1777
f 1777 1812 1813
f 1777 1813 1778
f 1778 1813 1814
f 1778 1814 1779
f 1779 1814 1815
f 1779 1815 1780
f 1780 1815 1816
f 1780 1816 1781
f 1781 1816 1817
f 1781 1817 1782
f 1782 1817 1818
f 1782 1818 1783
f 1783 1818 1819
f 1783 1819 1784
f 1784 1819 1820
f 1784 1820 1785
f 1786 1821 1822
f 1786 1822 1787
f 1787 1822 1823
f 1787 1823 1788
f 1788 1823 1824
f 1788 1824 1789
f 1789 1824 1825
f 1789 1825 1790
f 1790 1825 1826
f 1790 1826 1791
f 1791 1826 1827
f 1791 1827 1792
f 1792 1827 1828
f 1792 1828 1793
f 1793 1828 1829
f 1793 1829 1794
f 1794 1829 1830
f 1794 1830 1795
f 1795 1830 1831
f 1795 1831 1796
f 1796 1831 1832
f 1796 1832 1797
f 1797 1832 1833
f 1797 1833 1798
f 1798 1833 1834
f 1798 1834 1799
f 1799 1834 1835
f 1799 1835 1800
f 1800 1835 1836
f 1800 1836 1801
f 1801 1836 1837
f 1801 1837 1802
f 1802 1837 1838
f 1802 1838 1803
f 1803 1838 1839
f 1803 1839 1804
f 1804 1839 1840
f 1804 1840 1805
f 1805 1840 1841
f 1805 1841 1806
f 1806 1841 1842
f 1806 1842 1807
f 1807 1842 1843
f 1807 1843 1808
f 1808 1843 1844
f 1808 1844 1809
f 1809 1844 1845
f 1809 1845 1810
f 1810 1845 1846
f 1810 1846 1811
f 1811 1846 1847
f 1811 1847 1812
f 1812 1847 1848
f 1812 1848 1813
f 1813 1848 1849
f 1813 1849 1814
f 1814 1849 1850
f 1814 1850 1815
f 1815 1850 1851
f 1815 1851 1816
f 1816 1851 1852
f 1816 1852 1817
f 1817 1852 1853
f 1817 1853 1818
f 1818 1853 1854
f 1818 1854 1819
f 1819 1854 1855
f 1819 1855 1820
f 1821 1856 1857
f 1821 1857 1822
f 1822 1857 1858
f 1822 1858 1823
f 1823 1858 1859
f 1823 1859 1824
f 1824 1859 1860
f 1824 1860 1825
f 1825 1860 1861
f 1825 1861 1826
f 1826 1861 1862
f 1826 1862 1827
f 1827 1862 1863
f 1827 1863 1828
f 1828 1863 1864
f 1828 1864 1829
f 1829 1864 1865
f 1829 1865 1830
f 1830 1865 1866
f 1830 1866 1831
f 1831 1866 1867
f 1831 1867 1832
f 1832 1867 1868
f 1832 1868 1833
f 1833 1868 1869
f 1833 1869 1834
f 1834 1869 1870
f 1834 1870 1835
f 1835 1870 1871
f 1835 1871 1836
f 1836 1871 1872
f 1836 1872 1837
f 1837 1872 1873
f 1837 1873 1838
f 1838 1873 1874
f 1838 1874 1839
f 1839 1874 1875
f 1839 1875 1840
f 1840 1875 1876
f 1840 1876 1841
f 1841 1876 1877
f 1841 1877 1842
f 1842 1877 1878
f 1842 1878 1843
f 1843 1878 1879
f 1843 1879 1844
f 1844 1879 1880
f 1844 1880 1845
f 1845 1880 1881
f 1845 1881 1846
f 1846 1881 1882
f 1846 1882 1847
f 1847 1882 1883
f 1847 1883 1848
f 1848 1883 1884
f 1848 1884 1849
f 1849 1884 1885
f 1849 1885 1850
f 1850 1885 1886
f 1850 1886 1851
f 1851 1886 1887
f 1851 1887 1852
f 1852 1887 1888
f 1852 1888 1853
f 1853 1888 1889
f 1853 1889 1854
f 1854 1889 1890
f 1854 1890 1855
f 1856 1891 1892
f 1856 1892 1857
f 1857 1892 1893
f 1857 1893 1858
f 1858 1893 1894
f 1858 1894 1859
f 1859 1894 1895
f 1859 1895 1860
f 1860 1895 1896
f 1860 1896 1861
f 1861 1896 1897
f 1861 1897 1862
f 1862 1897 1898
f 1862 1898 1863
f 1863 1898 1899
f 1863 1899 1864
f 1864 1899 1900
f 1864 1900 1865
f 1865 1900 1901
f 1865 1901 1866
f 1866 1901 1902
f 1866 1902 1867
f 1867 1902 1903
f 1867 1903 1868
f 1868 1903 1904
f 1868 1904 1869
f 1869 1904 1905
f 1869 1905 1870
f 1870 1905 1906
f 1870 1906 1871
f 1871 1906 1907
f 1871 1907 1872
f 1872 1907 1908
f 1872 1908 1873
f 1873 1908 1909
f 1873 1909 1874
f 1874 1909 1910
f 1874 1910 1875
f 1875 1910 1911
f 1875 1911 1876
f 1876 1911 1912
f 1876 1912 1877
f 1877 1912 1913
f 1877 1913 1878
f 1878 1913 1914
f 1878 1914 1879
f 1879 1914 1915
f 1879 1915 1880
f 1880 1915 1916
f 1880 1916 1881
f 1881 1916 1917
f 1881 1917 1882
f 1882 1917 1918
f 1882 1918 1883
f 1883 1918 1919
f 1883 1919 1884
f 1884 1919 1920
f 1884 1920 1885
f 1885 1920 1921
f 1885 1921 1886
f 1886 1921 1922
f 1886 1922 1887
f 1887 1922 1923
f 1887 1923 1888
f 1888 1923 1924
f 1888 1924 1889
f 1889 1924 1925
f 1889 1925 1890
f 1891 1926 1927
f 1891 1927 1892
f 1892 1927 1928
f 1892 1928 1893
f 1893 1928 1929
f 1893 1929 1894
f 1894 1929 1930
f 1894 1930 1895
f 1895 1930 1931
f 1895 1931 1896
f 1896 1931 1932
f 1896 1932 1897
f 1897 1932 1933
f 1897 1933 1898
f 1898 1933 1934
f 1898 1934 1899
f 1899 1934 1935
f 1899 1935 1900
f 1900 1935 1936
f 1900 1936 1901
f 1901 1936 1937
f 1901 1937 1902
f 1902 1937 1938
f 1902 1938 1903
f 1903 1938 1939
f 1903 1939 1904
f 1904 1939 1940
f 1904 1940 1905
f 1905 1940 1941
f 1905 1941 1906
f 1906 1941 1942
f 1906 1942 1907
f 1907 1942 1943
f 1907 1943 1908
f 1908 1943 1944
f 1908 1944 1909
f 1909 1944 1945
f 1909 1945 1910
f 1910 1945 1946
f 1910 1946 1911
f 1911 1946 1947
f 1911 1947 1912
f 1912 1947 1948
f 1912 1948 1913
f 1913 1948 1949
f 1913 1949 1914
f 1914 1949 1950
f 1914 1950 1915
f 1915 1950 1951
f 1915 1951 1916
f 1916 1951 1952
f 1916 1952 1917
f 1917 1952 1953
f 1917 1953 1918
f 1918 1953 1954
f 1918 1954 1919
f 1919 1954 1955
f 1919 1955 1920
f 1920 1955 1956
f 1920 1956 1921
f 1921 1956 1957
f 1921 1957 1922
f 1922 1957 1958
f 1922 1958 1923
f 1923 1958 1959
f 1923 1959 1924
f 1924 1959 1960
f 1924 1960 1925
f 1926 1961 1962
f 1926 1962 1927
f 1927 1962 1963
f 1927 1963 1928
f 1928 1963 1964
f 1928 1964 1929
f 1929 1964 1965
f 1929 1965 1930
f 1930 1965 1966
f 1930 1966 1931
f 1931 1966 1967
f 1931 1967 1932
f 1932 1967 1968
f 1932 1968 1933
f 1933 1968 1969
f 1933 1969 1934
f 1934 1969 1970
f 1934 1970 1935
f 1935 1970 1971
f 1935 1971 1936
f 1936 1971 1972
f 1936 1972 1937
f 1937 1972 1973
f 1937 1973 1938
f 1938 1973 1974
f 1938 1974 1939
f 1939 1974 1975
f 1939 1975 1940
f 1940 1975 1976
f 1940 1976 1941
f 1941 1976 1977
f 1941 1977 1942
f 1942 1977 1978
f 1942 1978 1943
f 1943 1978 1979
f 1943 1979 1944
f 1944 1979 1980
f 1944 1980 1945
f 1945 1980 1981
f 1945 1981 1946
f 1946 1981 1982
f 1946 1982 1947
f 1947 1982 1983
f 1947 1983 1948
f 1948 1983 1984
f 1948 1984 1949
f 1949 1984 1985
f 1949 1985 1950
f 1950 1985 1986
f 1950 1986 1951
f 1951 1986 1987
f 1951 1987 1952
f 1952 1987 1988
f 1952 1988 1953
f 1953 1988 1989
f 1953 1989 1954
f 1954 1989 1990
f 1954 1990 1955
f 1955 1990 1991
f 1955 1991 1956
f 1956 1991 1992
f 1956 1992 1957
f 1957 1992 1993
f 1957 1993 1958
f 1958 1993 1994
f 1958 1994 1959
f 1959 1994 1995
f 1959 1995 1960
f 1961 1996 1997
f 1961 1997 1962
f 1962 1997 1998
f 1962 1998 1963
f 1963 1998 1999
f 1963 1999 1964
f 1964 1999 2000
f 1964 2000 1965
f 1965 2000 2001
f 1965 2001 1966
f 1966 2001 2002
f 1966 2002 1967
f 1967 2002 2003
f 1967 2003 1968
f 1968 2003 2004
f 1968 2004 1969
f 1969 2004 2005
f 1969 2005 1970
f 1970 2005 2006
f 1970 2006 1971
f 1971 2006 2007
f 1971 2007 1972
f 1972 2007 2008
f 1972 2008 1973
f 1973 2008 2009
f 1973 2009 1974
f 1974 2009 2010
f 1974 2010 1975
f 1975 2010 2011
f 1975 2011 1976
f 1976 2011 2012
f 1976 2012 1977
f 1977 2012 2013
f 1977 2013 1978
f 1978 2013 2014
f 1978 2014 1979
f 1979 2014 2015
f 1979 2015 1980
f 1980 2015 2016
f 1980 2016 1981
f 1981 2016 2017
f 1981 2017 1982
f 1982 2017 2018
f 1982 2018 1983
f 1983 2018 2019
f 1983 2019 1984
f 1984 2019 2020
f 1984 2020 1985
f 1985 2020 2021
f 1985 2021 1986
f 1986 2021 2022
f 1986 2022 1987
f 1987 2022 2023
f 1987 2023 1988
f 1988 2023 2024
f 1988 2024 1989
f 1989 2024 2025
f 1989 2025 1990
f 1990 2025 2026
f 1990 2026 1991
f 1991 2026 2027
f 1991 2027 1992
f 1992 2027 2028
f 1992 2028 1993
f 1993 2028 2029
f 1993 2029 1994
f 1994 2029 2030
f 1994 2030 1995
f 1996 2031 2032
f 1996 2032 1997
f 1997 2032 2033
f 1997 2033 1998
f 1998 2033 2034
f 1998 2034 1999
f 1999 2034 2035
f 1999 2035 2000
f 2000 2035 2036
f 2000 2036 2001
f 2001 2036 2037
f 2001 2037 2002
f 2002 2037 2038
f 2002 2038 2003
f 2003 2038 2039
f 2003 2039 2004
f 2004 2039 2040
f 2004 2040 2005
f 2005 2040 2041
f 2005 2041 2006
f 2006 2041 2042
f 2006 2042 2007
f 2007 2042 2043
f 2007 2043 2008
f 2008 2043 2044
f 2008 2044 2009
f 2009 2044 2045
f 2009 2045 2010
f 2010 2045 2046
f 2010 2046 2011
f 2011 2046 2047
f 2011 2047 2012
f 2012 2047 2048
f 2012 2048 2013
f 2013 2048 2049
f 2013 2049 2014
f 2014 2049 2050
f 2014 2050 2015
f 2015 2050 2051
f 2015 2051 2016
f 2016 2051 2052
f 2016 2052 2017
f 2017 2052 2053
f 2017 2053 2018
f 2018 2053 2054
f 2018 2054 2019
f 2019 2054 2055
f 2019 2055 2020
f 2020 2055 2056
f 2020 2056 2021
f 2021 2056 2057
f 2021 2057 2022
f 2022 2057 2058
f 2022 2058 2023
f 2023 2058 2059
f 2023 2059 2024
f 2024 2059 2060
f 2024 2060 2025
f 2025 2060 2061
f 2025 2061 2026
f 2026 2061 2062
f 2026 2062 2027
f 2027 2062 2063
f 2027 2063 2028
f 2028 2063 2064
f 2028 2064 2029
f 2029 2064 2065
f 2029 2065 2030
f 2031 2066 2067
f 2031 2067 2032
f 2032 2067 2068
f 2032 2068 2033
f 2033 2068 2069
f 2033 2069 2034
f 2034 2069 2070
f 2034 2070 2035
f 2035 2070 2071
f 2035 2071 2036
f 2036 2071 2072
f 2036 2072 2037
f 2037 2072 2073
f 2037 2073 2038
f 2038 2073 2074
f 2038 2074 2039
f 2039 2074 2075
f 2039 2075 2040
f 2040 2075 2076
f 2040 2076 2041
f 2041 2076 2077
f 2041 2077 2042
f 2042 2077 2078
f 2042 2078 2043
f 2043 2078 2079
f 2043 2079 2044
f 2044 2079 2080
f 2044 2080 2045
f 2045 2080 2081
f 2045 2081 2046
f 2046 2081 2082
f 2046 2082 2047
f 2047 2082 2083
f 2047 2083 2048
f 2048 2083 2084
f 2048 2084 2049
f 2049 2084 2085
f 2049 2085 2050
f 2050 2085 2086
f 2050 2086 2051
f 2051 2086 2087
f 2051 2087 2052
f 2052 2087 2088
f 2052 2088 2053
f 2053 2088 2089
f 2053 2089 2054
f 2054 2089 2090
f 2054 2090 2055
f 2055 2090 2091
f 2055 2091 2056
f 2056 2091 2092
f 2056 2092 2057
f 2057 2092 2093
f 2057 2093 2058
f 2058 2093 2094
f 2058 2094 2059
f 2059 2094 2095
f 2059 2095 2060
f 2060 2095 2096
f 2060 2096 2061
f 2061 2096 2097
f 2061 2097 2062
f 2062 2097 2098
f 2062 2098 2063
f 2063 2098 2099
f 2063 2099 2064
f 2064 2099 2100
f 2064 2100 2065
f 2066 2101 2102
f 2066 2102 2067
f 2067 2102 2103
f 2067 2103 2068
f 2068 2103 2104
f 2068 2104 2069
f 2069 2104 2105
f 2069 2105 2070
f 2070 2105 2106
f 2070 2106 2071
f 2071 2106 2107
f 2071 2107 2072
f 2072 2107 2108
f 2072 2108 2073
f 2073 2108 2109
f 2073 2109 2074
f 2074 2109 2110
f 2074 2110 2075
f 2075 2110 2111
f 2075 2111 2076
f 2076 2111 2112
f 2076 2112 2077
f 2077 2112 2113
f 2077 2113 2078
f 2078 2113 2114
f 2078 2114 2079
f 2079 2114 2115
f 2079 2115 2080
f 2080 2115 2116
f 2080 2116 2081
f 2081 2116 2117
f 2081 2117 2082
f 2082 2117 2118
f 2082 2118 2083
f 2083 2118 2119
f 2083 2119 2084
f 2084 2119 2120
f 2084 2120 2085
f 2085 2120 2121
f 2085 2121 2086
f 2086 2121 2122
f 2086 2122 2087
f 2087 2122 2123
f 2087 2123 2088
f 2088 2123 2124
f 2088 2124 2089
f 2089 2124 2125
f 2089 2125 2090
f 2090 2125 2126
f 2090 2126 2091
f 2091 2126 2127
f 2091 2127 2092
f 2092 2127 2128
f 2092 2128 2093
f 2093 2128 2129
f 2093 2129 2094
f 2094 2129 2130
f 2094 2130 2095
f 2095 2130 2131
f 2095 2131 2096
f 2096 2131 2132
f 2096 2132 2097
f 2097 2132 2133
f 2097 2133 2098
f 2098 2133 2134
f 2098 2134 2099
f 2099 2134 2135
f 2099 2135 2100
f 2101 2136 2137
f 2101 2137 2102
f 2102 2137 2138
f 2102 2138 2103
f 2103 2138 2139
f 2103 2139 2104
f 2104 2139 2140
f 2104 2140 2105
f 2105 2140 2141
f 2105 2141 2106
f 2106 2141 2142
f 2106 2142 2107
f 2107 2142 2143
f 2107 2143 2108
f 2108 2143 2144
f 2108 2144 2109
f 2109 2144 2145
f 2109 2145 2110
f 2110 2145 2146
f 2110 2146 2111
f 2111 2146 2147
f 2111 2147 2112
f 2112 2147 2148
f 2112 2148 2113
f 2113 2148 2149
f 2113 2149 2114
f 2114 2149 2150
f 2114 2150 2115
f 2115 2150 2151
f 2115 2151 2116
f 2116 2151 2152
f 2116 2152 2117
f 2117 2152 2153
f 2117 2153 2118
f 2118 2153 2154
f 2118 2154 2119
f 2119 2154 2155
f 2119 2155 2120
f 2120 2155 2156
f 2120 2156 2121
f 2121 2156 2157
f 2121 2157 2122
f 2122 2157 2158
f 2122 2158 2123
f 2123 2158 2159
f 2123 2159 2124
f 2124 2159 2160
f 2124 2160 2125
f 2125 2160 2161
f 2125 2161 2126
f 2126 2161 2162
f 2126 2162 2127
f 2127 2162 2163
f 2127 2163 2128
f 2128 2163 2164
f 2128 2164 2129
f 2129 2164 2165
f 2129 2165 2130
f 2130 2165 2166
f 2130 2166 2131
f 2131 2166 2167
f 2131 2167 2132
f 2132 2167 2168
f 2132 2168 2133
f 2133 2168 2169
f 2133 2169 2134
f 2134 2169 2170
f 2134 2170 2135
f 2136 2171 2172
f 2136 2172 2137
f 2137 2172 2173
f 2137 2173 2138
f 2138 2173 2174
f 2138 2174 2139
f 2139 2174 2175
f 2139 2175 2140
f 2140 2175 2176
f 2140 2176 2141
f 2141 2176 2177
f 2141 2177 2142
f 2142 2177 2178
f 2142 2178 2143
f 2143 2178 2179
f 2143 2179 2144
f 2144 2179 2180
f 2144 2180 2145
f 2145 2180 2181
f 2145 2181 2146
f 2146 2181 2182
f 2146 2182 2147
f 2147 2182 2183
f 2147 2183 2148
f 2148 2183 2184
f 2148 2184 2149
f 2149 2184 2185
f 2149 2185 2150
f 2150 2185 2186
f 2150 2186 2151
f 2151 2186 2187
f 2151 2187 2152
f 2152 2187 2188
f 2152 2188 2153
f 2153 2188 2189
f 2153 2189 2154
f 2154 2189 2190
f 2154 2190 2155
f 2155 2190 2191
f 2155 2191 2156
f 2156 2191 2192
f 2156 2192 2157
f 2157 2192 2193
f 2157 2193 2158
f 2158 2193 2194
f 2158 2194 2159
f 2159 2194 2195
f 2159 2195 2160
f 2160 2195 2196
f 2160 2196 2161
f 2161 2196 2197
f 2161 2197 2162
f 2162 2197 2198
f 2162 2198 2163
f 2163 2198 2199
f 2163 2199 2164
f 2164 2199 2200
f 2164 2200 2165
f 2165 2200 2201
f 2165 2201 2166
f 2166 2201 2202
f 2166 2202 2167
f 2167 2202 2203
f 2167 2203 2168
f 2168 2203 2204
f 2168 2204 2169
f 2169 2204 2205
f 2169 2205 2170
f 2171 2206 2207
f 2171 2207 2172
f 2172 2207 2208
f 2172 2208 2173
f 2173 2208 2209
f 2173 2209 2174
f 2174 2209 2210
f 2174 2210 2175
f 2175 2210 2211
f 2175 2211 2176
f 2176 2211 2212
f 2176 2212 2177
f 2177 2212 2213
f 2177 2213 2178
f 2178 2213 2214
f 2178 2214 2179
f 2179 2214 2215
f 2179 2215 2180
f 2180 2215 2216
f 2180 2216 2181
f 2181 2216 2217
f 2181 2217 2182
f 2182 2217 2218
f 2182 2218 2183
f 2183 2218 2219
f 2183 2219 2184
f 2184 2219 2220
f 2184 2220 2185
f 2185 2220 2221
f 2185 2221 2186
f 2186 2221 2222
f 2186 2222 2187
f 2187 2222 2223
f 2187 2223 2188
f 2188 2223 2224
f 2188 2224 2189
f 2189 2224 2225
f 2189 2225 2190
f 2190 2225 2226
f 2190 2226 2191
f 2191 2226 2227
f 2191 2227 2192
f 2192 2227 2228
f 2192 2228 2193
f 2193 2228 2229
f 2193 2229 2194
f 2194 2229 2230
f 2194 2230 2195
f 2195 2230 2231
f 2195 2231 2196
f 2196 2231 2232
f 2196 2232 2197
f 2197 2232 2233
f 2197 2233 2198
f 2198 2233 2234
f 2198 2234 2199
f 2199 2234 2235
f 2199 2235 2200
f 2200 2235 2236
f 2200 2236 2201
f 2201 2236 2237
f 2201 2237 2202
f 2202 2237 2238
f 2202 2238 2203
f 2203 2238 2239
f 2203 2239 2204
f 2204 2239 2240
f 2204 2240 2205
f 2206 2241 2242
f 2206 2242 2207
f 2207 2242 2243
f 2207 2243 2208
f 2208 2243 2244
f 2208 2244 2209
f 2209 2244 2245
f 2209 2245 2210
f 2210 2245 2246
f 2210 2246 2211
f 2211 2246 2247
f 2211 2247 2212
f 2212 2247 2248
f 2212 2248 2213
f 2213 2248 2249
f 2213 2249 2214
f 2214 2249 2250
f 2214 2250 2215
f 2215 2250 2251
f 2215 2251 2216
f 2216 2251 2252
f 2216 2252 2217
f 2217 2252 2253
f 2217 2253 2218
f 2218 2253 2254
f 2218 2254 2219
f 2219 2254 2255
f 2219 2255 2220
f 2220 2255 2256
f 2220 2256 2221
f 2221 2256 2257
f 2221 2257 2222
f 2222 2257 2258
f 2222 2258 2223
f 2223 2258 2259
f 2223 2259 2224
f 2224 2259 2260
f 2224 2260 2225
f 2225 2260 2261
f 2225 2261 2226
f 2226 2261 2262
f 2226 2262 2227
f 2227 2262 2263
f 2227 2263 2228
f 2228 2263 2264
f 2228 2264 2229
f 2229 2264 2265
f 2229 2265 2230
f 2230 2265 2266
f 2230 2266 2231
f 2231 2266 2267
f 2231 2267 2232
f 2232 2267 2268
f 2232 2268 2233
f 2233 2268 2269
f 2233 2269 2234
f 2234 2269 2270
f 2234 2270 2235
f 2235 2270 2271
f 2235 2271 2236
f 2236 2271 2272
f 2236 2272 2237
f 2237 2272 2273
f 2237 2273 2238
f 2238 2273 2274
f 2238 2274 2239
f 2239 2274 2275
f 2239 2275 2240
f 2241 2276 2277
f 2241 2277 2242
f 2242 2277 2278
f 2242 2278 2243
f 2243 2278 2279
f 2243 2279 2244
f 2244 2279 2280
f 2244 2280 2245
f 2245 2280 2281
f 2245 2281 2246
f 2246 2281 2282
f 2246 2282 2247
f 2247 2282 2283
f 2247 2283 2248
f 2248 2283 2284
f 2248 2284 2249
f 2249 2284 2285
f 2249 2285 2250
f 2250 2285 2286
f 2250 2286 2251
f 2251 2286 2287
f 2251 2287 2252
f 2252 2287 2288
f 2252 2288 2253
f 2253 2288 2289
f 2253 2289 2254
f 2254 2289 2290
f 2254 2290 2255
f 2255 2290 2291
f 2255 2291 2256
f 2256 2291 2292
f 2256 2292 2257
f 2257 2292 2293
f 2257 2293 2258
f 2258 2293 2294
f 2258 2294 2259
f 2259 2294 2295
f 2259 2295 2260
f 2260 2295 2296
f 2260 2296 2261
f 2261 2296 2297
f 2261 2297 2262
f 2262 2297 2298
f 2262 2298 2263
f 2263 2298 2299
f 2263 2299 2264
f 2264 2299 2300
f 2264 2300 2265
f 2265 2300 2301
f 2265 2301 2266
f 2266 2301 2302
f 2266 2302 2267
f 2267 2302 2303
f 2267 2303 2268
f 2268 2303 2304
f 2268 2304 2269
f 2269 2304 2305
f 2269 2305 2270
f 2270 2305 2306
f 2270 2306 2271
f 2271 2306 2307
f 2271 2307 2272
f 2272 2307 2308
f 2272 2308 2273
f 2273 2308 2309
f 2273 2309 2274
f 2274 2309 2310
f 2274 2310 2275
f 2276 2311 2312
f 2276 2312 2277
f 2277 2312 2313
f 2277 2313 2278
f 2278 2313 2314
f 2278 2314 2279
f 2279 2314 2315
f 2279 2315 2280
f 2280 2315 2316
f 2280 2316 2281
f 2281 2316 2317
f 2281 2317 2282
f 2282 2317 2318
f 2282 2318 2283
f 2283 2318 2319
f 2283 2319 2284
f 2284 2319 2320
f 2284 2320 2285
f 2285 2320 2321
f 2285 2321 2286
f 2286 2321 2322
f 2286 2322 2287
f 2287 2322 2323
f 2287 2323 2288
f 2288 2323 2324
f 2288 2324 2289
f 2289 2324 2325
f 2289 2325 2290
f 2290 2325 2326
f 2290 2326 2291
f 2291 2326 2327
f 2291 2327 2292
f 2292 2327 2328
f 2292 2328 2293
f 2293 2328 2329
f 2293 2329 2294
f 2294 2329 2330
f 2294 2330 2295
f 2295 2330 2331
f 2295 2331 2296
f 2296 2331 2332
f 2296 2332 2297
f 2297 2332 2333
f 2297 2333 2298
f 2298 2333 2334
f 2298 2334 2299
f 2299 2334 2335
f 2299 2335 2300
f 2300 2335 2336
f 2300 2336 2301
f 2301 2336 2337
f 2301 2337 2302
f 2302 2337 2338
f 2302 2338 2303
f 2303 2338 2339
f 2303 2339 2304
f 2304 2339 2340
f 2304 2340 2305
f 2305 2340 2341
f 2305 2341 2306
f 2306 2341 2342
f 2306 2342 2307
f 2307 2342 2343
f 2307 2343 2308
f 2308 2343 2344
f 2308 2344 2309
f 2309 2344 2345
f 2309 2345 2310
f 2311 2346 2347
f 2311 2347 2312
f 2312 2347 2348
f 2312 2348 2313
f 2313 2348 2349
f 2313 2349 2314
f 2314 2349 2350
f 2314 2350 2315
f 2315 2350 2351
f 2315 2351 2316
f 2316 2351 2352
f 2316 2352 2317
f 2317 2352 2353
f 2317 2353 2318
f 2318 2353 2354
f 2318 2354 2319
f 2319 2354 2355
f 2319 2355 2320
f 2320 2355 2356
f 2320 2356 2321
f 2321 2356 2357
f 2321 2357 2322
f 2322 2357 2358
f 2322 2358 2323
f 2323 2358 2359
f 2323 2359 2324
f 2324 2359 2360
f 2324 2360 2325
f 2325 2360 2361
f 2325 2361 2326
f 2326 2361 2362
f 2326 2362 2327
f 2327 2362 2363
f 2327 2363 2328
f 2328 2363 2364
f 2328 2364 2329
f 2329 2364 2365
f 2329 2365 2330
f 2330 2365 2366
f 2330 2366 2331
f 2331 2366 2367
f 2331 2367 2332
f 2332 2367 2368
f 2332 2368 2333
f 2333 2368 2369
f 2333 2369 2334
f 2334 2369 2370
f 2334 2370 2335
f 2335 2370 2371
f 2335 2371 2336
f 2336 2371 2372
f 2336 2372 2337
f 2337 2372 2373
f 2337 2373 2338
f 2338 2373 2374
f 2338 2374 2339
f 2339 2374 2375
f 2339 2375 2340
f 2340 2375 2376
f 2340 2376 2341
f 2341 2376 2377
f 2341 2377 2342
f 2342 2377 2378
f 2342 2378 2343
f 2343 2378 2379
f 2343 2379 2344
f 2344 2379 2380
f 2344 2380 2345
f 2346 2381 2382
f 2346 2382 2347
f 2347 2382 2383
f 2347 2383 2348
f 2348 2383 2384
f 2348 2384 2349
f 2349 2384 2385
f 2349 2385 2350
f 2350 2385 2386
f 2350 2386 2351
f 2351 2386 2387
f 2351 2387 2352
f 2352 2387 2388
f 2352 2388 2353
f 2353 2388 2389
f 2353 2389 2354
f 2354 2389 2390
f 2354 2390 2355
f 2355 2390 2391
f 2355 2391 2356
f 2356 2391 2392
f 2356 2392 2357
f 2357 2392 2393
f 2357 2393 2358
f 2358 2393 2394
f 2358 2394 2359
f 2359 2394 2395
f 2359 2395 2360
f 2360 2395 2396
f 2360 2396 2361
f 2361 2396 2397
f 2361 2397 2362
f 2362 2397 2398
f 2362 2398 2363
f 2363 2398 2399
f 2363 2399 2364
f 2364 2399 2400
f 2364 2400 2365
f 2365 2400 2401
f 2365 2401 2366
f 2366 2401 2402
f 2366 2402 2367
f 2367 2402 2403
f 2367 2403 2368
f 2368 2403 2404
f 2368 2404 2369
f 2369 2404 2405
f 2369 2405 2370
f 2370 2405 2406
f 2370 2406 2371
f 2371 2406 2407
f 2371 2407 2372
f 2372 2407 2408
f 2372 2408 2373
f 2373 2408 2409
f 2373 2409 2374
f 2374 2409 2410
f 2374 2410 2375
f 2375 2410 2411
f 2375 2411 2376
f 2376 2411 2412
f 2376 2412 2377
f 2377 2412 2413
f 2377 2413 2378
f 2378 2413 2414
f 2378 2414 2379
f 2379 2414 2415
f 2379 2415 2380
f 2381 2416 2417
f 2381 2417 2382
f 2382 2417 2418
f 2382 2418 2383
f 2383 2418 2419
f 2383 2419 2384
f 2384 2419 2420
f 2384 2420 2385
f 2385 2420 2421
f 2385 2421 2386
f 2386 2421 2422
f 2386 2422 2387
f 2387 2422 2423
f 2387 2423 2388
f 2388 2423 2424
f 2388 2424 2389
f 2389 2424 2425
f 2389 2425 2390
f 2390 2425 2426
f 2390 2426 2391
f 2391 2426 2427
f 2391 2427 2392
f 2392 2427 2428
f 2392 2428 2393
f 2393 2428 2429
f 2393 2429 2394
f 2394 2429 2430
f 2394 2430 2395
f 2395 2430 2431
f 2395 2431 2396
f 2396 2431 2432
f 2396 2432 2397
f 2397 2432 2433
f 2397 2433 2398
f 2398 2433 2434
f 2398 2434 2399
f 2399 2434 2435
f 2399 2435 2400
f 2400 2435 2436
f 2400 2436 2401
f 2401 2436 2437
f 2401 2437 2402
f 2402 2437 2438
f 2402 2438 2403
f 2403 2438 2439
f 2403 2439 2404
f 2404 2439 2440
f 2404 2440 2405
f 2405 2440 2441
f 2405 2441 2406
f 2406 2441 2442
f 2406 2442 2407
f 2407 2442 2443
f 2407 2443 2408
f 2408 2443 2444
f 2408 2444 2409
f 2409 2444 2445
f 2409 2445 2410
f 2410 2445 2446
f 2410 2446 2411
f 2411 2446 2447
f 2411 2447 2412
f 2412 2447 2448
f 2412 2448 2413
f 2413 2448 2449
f 2413 2449 2414
f 2414 2449 2450
f 2414 2450 2415
f 2416 2451 2452
f 2416 2452 2417
f 2417 2452 2453
f 2417 2453 2418
f 2418 2453 2454
f 2418 2454 2419
f 2419 2454 2455
f 2419 2455 2420
f 2420 2455 2456
f 2420 2456 2421
f 2421 2456 2457
f 2421 2457 2422
f 2422 2457 2458
f 2422 2458 2423
f 2423 2458 2459
f 2423 2459 2424
f 2424 2459 2460
f 2424 2460 2425
f 2425 2460 2461
f 2425 2461 2426
f 2426 2461 2462
f 2426 2462 2427
f 2427 2462 2463
f 2427 2463 2428
f 2428 2463 2464
f 2428 2464 2429
f 2429 2464 2465
f 2429 2465 2430
f 2430 2465 2466
f 2430 2466 2431
f 2431 2466 2467
f 2431 2467 2432
f 2432 2467 2468
f 2432 2468 2433
f 2433 2468 2469
f 2433 2469 2434
f 2434 2469 2470
f 2434 2470 2435
f 2435 2470 2471
f 2435 2471 2436
f 2436 2471 2472
f 2436 2472 2437
f 2437 2472 2473
f 2437 2473 2438
f 2438 2473 2474
f 2438 2474 2439
f 2439 2474 2475
f 2439 2475 2440
f 2440 2475 2476
f 2440 2476 2441
f 2441 2476 2477
f 2441 2477 2442
f 2442 2477 2478
f 2442 2478 2443
f 2443 2478 2479
f 2443 2479 2444
f 2444 2479 2480
f 2444 2480 2445
f 2445 2480 2481
f 2445 2481 2446
f 2446 2481 2482
f 2446 2482 2447
f 2447 2482 2483
f 2447 2483 2448
f 2448 2483 2484
f 2448 2484 2449
f 2449 2484 2485
f 2449 2485 2450
